chemin,pseudo_label,confiance_min
../data/mri_dataset_brain_cancer_oc/sans_label/8cd4ed59-139f-4290-8455-05132107b115.jpg,normal,0.838
../data/mri_dataset_brain_cancer_oc/sans_label/5f4f7c1c-0ad6-4826-9a96-0c264d5f4b07.jpg,normal,0.846
../data/mri_dataset_brain_cancer_oc/sans_label/978715e7-db82-4910-a952-40498744ae1e.jpg,normal,0.75
../data/mri_dataset_brain_cancer_oc/sans_label/32e39df2-7d70-4840-9499-a67e3732c15e.jpg,cancer,0.722
../data/mri_dataset_brain_cancer_oc/sans_label/5a4646c6-3d6e-43db-aab7-1205f7cca59b.jpg,normal,0.726
../data/mri_dataset_brain_cancer_oc/sans_label/0303753e-919b-4947-8e55-4fc922bfbe35.jpg,cancer,0.71
../data/mri_dataset_brain_cancer_oc/sans_label/0850ca4c-e6e0-44ef-be80-ba3fe3d84483.jpg,cancer,0.81
../data/mri_dataset_brain_cancer_oc/sans_label/da5006db-24c8-4cd8-898a-65806cece24e.jpg,normal,0.766
../data/mri_dataset_brain_cancer_oc/sans_label/f2dc984e-3f0f-4d13-9301-f9e0b0e4e51e.jpg,cancer,0.762
../data/mri_dataset_brain_cancer_oc/sans_label/445cf17d-d94e-4c4d-928f-75ef64f771e9.jpg,cancer,0.78
../data/mri_dataset_brain_cancer_oc/sans_label/94eb9a94-40b4-45e8-9c4b-068cd7e2f439.jpg,cancer,0.84
../data/mri_dataset_brain_cancer_oc/sans_label/0822f067-f5e2-477d-8005-3ad857c4c1fa.jpg,normal,0.804
../data/mri_dataset_brain_cancer_oc/sans_label/0de780a4-968f-41d7-9729-af487ddfa1a2.jpg,cancer,0.724
../data/mri_dataset_brain_cancer_oc/sans_label/4847c338-78a2-4d87-a820-058ce5ebb809.jpg,cancer,0.802
../data/mri_dataset_brain_cancer_oc/sans_label/8d91658e-94c3-441d-a344-4b8be9885e74.jpg,cancer,0.726
../data/mri_dataset_brain_cancer_oc/sans_label/16c95930-a0c3-49d7-9d09-813d796db9e7.jpg,cancer,0.75
../data/mri_dataset_brain_cancer_oc/sans_label/9b2f0d98-5b77-479e-af28-fc3db7350bab.jpg,cancer,0.71
../data/mri_dataset_brain_cancer_oc/sans_label/e91ff2a7-3285-4448-bcf3-564247f2e988.jpg,cancer,0.728
../data/mri_dataset_brain_cancer_oc/sans_label/06b17341-f3bb-4f31-8198-1ebdccbe2367.jpg,cancer,0.7590100886746971
../data/mri_dataset_brain_cancer_oc/sans_label/88d5e066-3735-4d6d-b729-de99cd014914.jpg,cancer,0.768
../data/mri_dataset_brain_cancer_oc/sans_label/a8e2d57e-39b3-495c-a585-b2d2d14e0cf3.jpg,normal,0.73
../data/mri_dataset_brain_cancer_oc/sans_label/2a6017d7-244c-49ae-90f0-f3e5f445d90c.jpg,cancer,0.822
../data/mri_dataset_brain_cancer_oc/sans_label/14f9055c-e72f-4d6e-8120-3cabaa1a1911.jpg,cancer,0.758
../data/mri_dataset_brain_cancer_oc/sans_label/4f843f10-b692-4744-a9db-754727f78b1b.jpg,cancer,0.774
../data/mri_dataset_brain_cancer_oc/sans_label/0b89c970-7727-4316-af01-1b2ea58abecb.jpg,normal,0.772
../data/mri_dataset_brain_cancer_oc/sans_label/302226bb-03f5-437b-8f97-f023756010ae.jpg,cancer,0.716
../data/mri_dataset_brain_cancer_oc/sans_label/d51fe3e6-8514-4b2c-aae8-40de18c3a086.jpg,normal,0.784
../data/mri_dataset_brain_cancer_oc/sans_label/11f2b893-2739-4cef-9433-3b4a724270e9.jpg,cancer,0.724
../data/mri_dataset_brain_cancer_oc/sans_label/6ce8de0b-3ea8-4ad9-85a5-245ea0d1405c.jpg,cancer,0.746
../data/mri_dataset_brain_cancer_oc/sans_label/f028075c-66fb-4764-acfb-39b1daeba4e6.jpg,normal,0.744
../data/mri_dataset_brain_cancer_oc/sans_label/5ecb0070-73d9-4e69-b95b-270db8ae3c2c.jpg,cancer,0.716
../data/mri_dataset_brain_cancer_oc/sans_label/f586d603-9443-482c-9953-929dbccb173a.jpg,cancer,0.803532172150925
../data/mri_dataset_brain_cancer_oc/sans_label/ca2e8fcd-c573-4d34-b92c-3ea6c0e3e8f5.jpg,cancer,0.806
../data/mri_dataset_brain_cancer_oc/sans_label/2439ba57-aa49-4cab-8b55-b20309852f4d.jpg,cancer,0.766
../data/mri_dataset_brain_cancer_oc/sans_label/67e3f880-94e9-42cc-bb99-5bba6b4bffcd.jpg,cancer,0.74
../data/mri_dataset_brain_cancer_oc/sans_label/e25854ec-d42e-4d75-b225-3ffbba81bd9e.jpg,cancer,0.762
../data/mri_dataset_brain_cancer_oc/sans_label/1cee76e0-5ad8-4ae2-be33-b5779fc7ca5b.jpg,normal,0.782
../data/mri_dataset_brain_cancer_oc/sans_label/f19d1ab2-b3ec-439b-8b5b-2b455aee74ae.jpg,normal,0.726
../data/mri_dataset_brain_cancer_oc/sans_label/2437d69e-8b9e-41e8-ac0f-06b1b9595cd3.jpg,cancer,0.7075424885690115
../data/mri_dataset_brain_cancer_oc/sans_label/56f43b5b-e894-4a26-9117-e12b45937248.jpg,cancer,0.784
../data/mri_dataset_brain_cancer_oc/sans_label/8a3db00b-8e54-41d5-8e58-d4c709f586bf.jpg,cancer,0.7142739948742467
../data/mri_dataset_brain_cancer_oc/sans_label/156ff8c8-8941-4692-8d13-a6e19a755277.jpg,cancer,0.822
../data/mri_dataset_brain_cancer_oc/sans_label/61d095a1-9a77-44d3-8262-f1f421a4c5ad.jpg,cancer,0.838
../data/mri_dataset_brain_cancer_oc/sans_label/43dbbbbc-4970-46ef-8f45-20aec836e19a.jpg,cancer,0.834
../data/mri_dataset_brain_cancer_oc/sans_label/aea301ef-d59d-4843-a30d-05090edb163a.jpg,cancer,0.752
../data/mri_dataset_brain_cancer_oc/sans_label/67236d73-599f-4892-962a-dce0a9385dfa.jpg,cancer,0.712
../data/mri_dataset_brain_cancer_oc/sans_label/6387d2ce-33c0-48d1-90f4-720f19382f62.jpg,normal,0.894
../data/mri_dataset_brain_cancer_oc/sans_label/99d4192d-8f01-4d1c-8447-1e848d1322c0.jpg,cancer,0.75
../data/mri_dataset_brain_cancer_oc/sans_label/097aeae8-d3da-4201-ac6c-fb697ee9df68.jpg,cancer,0.758
../data/mri_dataset_brain_cancer_oc/sans_label/ffae953a-1429-4a56-a258-7c4c0160a117.jpg,cancer,0.78
../data/mri_dataset_brain_cancer_oc/sans_label/17435d59-0819-4e99-b85a-435e13079291.jpg,cancer,0.746
../data/mri_dataset_brain_cancer_oc/sans_label/a24e6a4f-5dca-498f-9329-1e6cfe84b131.jpg,normal,0.738
../data/mri_dataset_brain_cancer_oc/sans_label/531d1c0c-a400-41ea-b3a0-d73f59885416.jpg,cancer,0.7604863089856045
../data/mri_dataset_brain_cancer_oc/sans_label/444fe6ac-f7e6-47ae-acbb-3a50c39d9c6e.jpg,cancer,0.736
../data/mri_dataset_brain_cancer_oc/sans_label/ff93375a-a8ea-4c44-9679-8b62ff51b9ef.jpg,cancer,0.801656855355098
../data/mri_dataset_brain_cancer_oc/sans_label/95be2f40-afeb-4e3a-96e0-81951a7f3a14.jpg,cancer,0.732
../data/mri_dataset_brain_cancer_oc/sans_label/01274f5e-3064-4efd-af4b-38e164188c31.jpg,cancer,0.718
../data/mri_dataset_brain_cancer_oc/sans_label/0b95d2b0-db4a-4f15-a620-032b1b40cbea.jpg,cancer,0.778
../data/mri_dataset_brain_cancer_oc/sans_label/de1c68e5-fbc2-48a4-a19f-c5c8905b9b24.jpg,normal,0.84
../data/mri_dataset_brain_cancer_oc/sans_label/f87f69f7-91a0-45b8-a790-911e3879f174.jpg,cancer,0.784
../data/mri_dataset_brain_cancer_oc/sans_label/5cfffb87-69c7-43fe-beff-bd68faf57a4c.jpg,cancer,0.838
../data/mri_dataset_brain_cancer_oc/sans_label/2433d50c-ce05-4641-8db6-515a8a1bf78e.jpg,cancer,0.7827413569976642
../data/mri_dataset_brain_cancer_oc/sans_label/ecb564c0-9102-4916-82c5-823bf4d7ac33.jpg,cancer,0.726
../data/mri_dataset_brain_cancer_oc/sans_label/b5a05df2-50ea-435b-8946-f4ba1bb1d9ac.jpg,normal,0.792
../data/mri_dataset_brain_cancer_oc/sans_label/53af10d9-bad5-48ff-ba27-f26153fb11a1.jpg,cancer,0.83
../data/mri_dataset_brain_cancer_oc/sans_label/09f30dac-5d5f-42bd-b9b9-43befa636dfd.jpg,cancer,0.774
../data/mri_dataset_brain_cancer_oc/sans_label/e3821332-345c-4d90-a70f-4d7e459569dd.jpg,cancer,0.724
../data/mri_dataset_brain_cancer_oc/sans_label/7c25b873-3b45-4507-8975-3358d52e8acc.jpg,cancer,0.7586406721375623
../data/mri_dataset_brain_cancer_oc/sans_label/6d2dd6dd-cb52-449f-b878-be06d24c6f45.jpg,normal,0.802
../data/mri_dataset_brain_cancer_oc/sans_label/a7229906-e5cd-4ae0-9762-f12dbf1a65c7.jpg,normal,0.736
../data/mri_dataset_brain_cancer_oc/sans_label/ea6aaf17-9aec-4254-a5aa-a90e6866751f.jpg,cancer,0.732
../data/mri_dataset_brain_cancer_oc/sans_label/cdab3f1d-500d-42ac-9607-eff2574279ea.jpg,normal,0.812
../data/mri_dataset_brain_cancer_oc/sans_label/1447c990-df09-44f9-bbc6-a8e4ec3e7c33.jpg,cancer,0.816
../data/mri_dataset_brain_cancer_oc/sans_label/39adbd1c-e78f-4e0f-97e6-af1cdbbe8789.jpg,cancer,0.716
../data/mri_dataset_brain_cancer_oc/sans_label/d6a73655-128d-4625-ab70-ab7efad2e6a0.jpg,cancer,0.8113879254689759
../data/mri_dataset_brain_cancer_oc/sans_label/3131e231-a5f8-4a5d-99e2-166cd2bc6122.jpg,cancer,0.762
../data/mri_dataset_brain_cancer_oc/sans_label/8e4d9f11-5d50-4942-98f8-50458fd0974c.jpg,normal,0.8
../data/mri_dataset_brain_cancer_oc/sans_label/49a9090d-d087-46e5-9309-8a6ba68df5cb.jpg,normal,0.796
../data/mri_dataset_brain_cancer_oc/sans_label/3f344776-95e6-403b-9624-08234c01d2c2.jpg,cancer,0.7995545832719009
../data/mri_dataset_brain_cancer_oc/sans_label/dba564f3-2f3a-416a-ae6b-f9716549c9ef.jpg,cancer,0.8071790320058696
../data/mri_dataset_brain_cancer_oc/sans_label/57baf15b-026f-49e4-8fe5-0b46802abba3.jpg,cancer,0.818
../data/mri_dataset_brain_cancer_oc/sans_label/f6e3df92-dfef-4c23-af5c-26994759f219.jpg,normal,0.766
../data/mri_dataset_brain_cancer_oc/sans_label/6d2bc111-d038-4d58-9fab-207791cf729b.jpg,cancer,0.736
../data/mri_dataset_brain_cancer_oc/sans_label/f58c647d-4a84-49d9-8ad7-c98981da914d.jpg,cancer,0.736
../data/mri_dataset_brain_cancer_oc/sans_label/4b1c65e8-d1c8-46d2-a32f-f47da2f7b33e.jpg,cancer,0.772
../data/mri_dataset_brain_cancer_oc/sans_label/e596b9ee-1cc4-4bac-944f-fc380a5b924a.jpg,normal,0.718
../data/mri_dataset_brain_cancer_oc/sans_label/76942237-22f7-472b-9bb1-ce4543ac5013.jpg,cancer,0.868
../data/mri_dataset_brain_cancer_oc/sans_label/5f37b3dc-0a43-4369-9921-95d1c9aae781.jpg,cancer,0.748
../data/mri_dataset_brain_cancer_oc/sans_label/00e9e198-79de-47ab-9f4e-7b76152324bb.jpg,cancer,0.78
../data/mri_dataset_brain_cancer_oc/sans_label/e3740498-dab1-4a62-b093-a667c738b6bb.jpg,cancer,0.756
../data/mri_dataset_brain_cancer_oc/sans_label/efb81603-c141-472b-98de-fcde557bd1dd.jpg,cancer,0.786
../data/mri_dataset_brain_cancer_oc/sans_label/f5b50212-f975-4a37-afa5-032b2a003298.jpg,normal,0.892
../data/mri_dataset_brain_cancer_oc/sans_label/fb81733b-ea25-4003-80c7-7e162a731331.jpg,cancer,0.75
../data/mri_dataset_brain_cancer_oc/sans_label/1e7b48e7-c206-4428-ad08-20dc11a6b5a5.jpg,normal,0.784
../data/mri_dataset_brain_cancer_oc/sans_label/5ffa1008-2645-4ca8-be18-8802c305e59a.jpg,cancer,0.788
../data/mri_dataset_brain_cancer_oc/sans_label/2e0fca33-43ed-4b12-b24e-3d232e89c380.jpg,normal,0.792
../data/mri_dataset_brain_cancer_oc/sans_label/e0b8c2ee-5521-4b40-8196-5ae4dee04737.jpg,normal,0.784
../data/mri_dataset_brain_cancer_oc/sans_label/798a5120-38eb-4f40-848e-cda877acaa9e.jpg,cancer,0.824
../data/mri_dataset_brain_cancer_oc/sans_label/bc64bb6f-65e9-4ad6-99e1-525c0052948b.jpg,cancer,0.7
../data/mri_dataset_brain_cancer_oc/sans_label/781965e8-8a71-434a-931c-a9c2a550570c.jpg,cancer,0.81
../data/mri_dataset_brain_cancer_oc/sans_label/c2dc7b24-dcc4-46da-a400-8f5f733a2bb9.jpg,cancer,0.732
../data/mri_dataset_brain_cancer_oc/sans_label/ea40a05f-f03c-4923-aa49-11b27e3e9d57.jpg,cancer,0.704
../data/mri_dataset_brain_cancer_oc/sans_label/a32947a4-5d48-47b3-ac14-29dc8810e9c0.jpg,normal,0.9299999999999999
../data/mri_dataset_brain_cancer_oc/sans_label/3d793a95-4fa0-4cd9-8017-0dd7e5fd1d20.jpg,cancer,0.7
../data/mri_dataset_brain_cancer_oc/sans_label/895361c0-ffa8-4152-b0d0-53935ac35a88.jpg,cancer,0.788
../data/mri_dataset_brain_cancer_oc/sans_label/4e485909-c17c-473b-a216-2ff0609db39f.jpg,normal,0.722
../data/mri_dataset_brain_cancer_oc/sans_label/e7f5be64-b2c8-4a5d-887b-30525048c54f.jpg,normal,0.836
../data/mri_dataset_brain_cancer_oc/sans_label/c3548ce6-14fd-4747-99d2-a498ec2a89dc.jpg,normal,0.866
../data/mri_dataset_brain_cancer_oc/sans_label/df677e2c-cf70-4a66-8c01-53bf805c8956.jpg,cancer,0.784
../data/mri_dataset_brain_cancer_oc/sans_label/4167f137-70aa-4295-9237-e6f3d8ddec87.jpg,cancer,0.71
../data/mri_dataset_brain_cancer_oc/sans_label/5343b736-574c-4a8b-8a26-606a727a3ba2.jpg,cancer,0.714
../data/mri_dataset_brain_cancer_oc/sans_label/8aff78cb-bf70-4b9a-85cd-4b1036ba22cc.jpg,cancer,0.722
../data/mri_dataset_brain_cancer_oc/sans_label/d1285cba-dad1-4341-98a3-adad89f59293.jpg,cancer,0.724
../data/mri_dataset_brain_cancer_oc/sans_label/140df938-9d81-4fd3-806b-2b429eeb54cc.jpg,cancer,0.714
../data/mri_dataset_brain_cancer_oc/sans_label/87f7365b-7192-4eac-bd2e-37068ee8cdb7.jpg,cancer,0.774
../data/mri_dataset_brain_cancer_oc/sans_label/cc418ab8-4267-43b1-85ca-00462bc8ff27.jpg,cancer,0.72
../data/mri_dataset_brain_cancer_oc/sans_label/0a2bf85c-5b87-4069-8d47-059594d7fe95.jpg,cancer,0.796
../data/mri_dataset_brain_cancer_oc/sans_label/ecdd85a0-adc9-4db5-acb5-23c4b010ead1.jpg,normal,0.7
../data/mri_dataset_brain_cancer_oc/sans_label/3fd266be-c678-4720-a098-e03acdd357ec.jpg,cancer,0.822
../data/mri_dataset_brain_cancer_oc/sans_label/c54fb914-ea29-4755-a55a-80694f6e12c2.jpg,cancer,0.744
../data/mri_dataset_brain_cancer_oc/sans_label/487ce1da-e303-4e8d-bcc4-9e857ad7b982.jpg,cancer,0.844
../data/mri_dataset_brain_cancer_oc/sans_label/17a51238-6b2e-4a63-9fa4-232fc89bf6a5.jpg,cancer,0.858
../data/mri_dataset_brain_cancer_oc/sans_label/5d54c255-27b9-4656-9450-b0482579555a.jpg,normal,0.806
../data/mri_dataset_brain_cancer_oc/sans_label/e85b1c50-29ad-4392-ac27-7fb2fc6787d7.jpg,cancer,0.812
../data/mri_dataset_brain_cancer_oc/sans_label/d134e654-ec17-49ae-8f06-386e65e0035f.jpg,cancer,0.91
../data/mri_dataset_brain_cancer_oc/sans_label/0b1c07b9-ac3e-4107-8832-5399525f3b1f.jpg,cancer,0.724
../data/mri_dataset_brain_cancer_oc/sans_label/3274a331-b75d-4a2d-98ef-9a479a6c0bb4.jpg,cancer,0.752
../data/mri_dataset_brain_cancer_oc/sans_label/43e52669-bf1e-468a-a962-e2cb5b258314.jpg,cancer,0.7707792041185976
../data/mri_dataset_brain_cancer_oc/sans_label/927db685-b584-4440-b776-5be4edc3ce47.jpg,normal,0.8200000000000001
../data/mri_dataset_brain_cancer_oc/sans_label/fdb0e481-28f5-44c5-bda7-21651af175cf.jpg,normal,0.886
../data/mri_dataset_brain_cancer_oc/sans_label/66d4bf2b-0482-4db4-885e-89572cb5fc98.jpg,cancer,0.758
../data/mri_dataset_brain_cancer_oc/sans_label/8f8c56f6-cedd-4112-b2bc-d9e1709500f9.jpg,cancer,0.754
../data/mri_dataset_brain_cancer_oc/sans_label/344323e8-0de6-4be6-96c8-8500ac8cc99a.jpg,cancer,0.708
../data/mri_dataset_brain_cancer_oc/sans_label/5aafb393-a10b-430e-b1eb-5a86947c4395.jpg,cancer,0.754
../data/mri_dataset_brain_cancer_oc/sans_label/68974c00-5555-4cda-907f-fa19e2ebba1d.jpg,normal,0.804
../data/mri_dataset_brain_cancer_oc/sans_label/b3183347-7366-4e1f-b1ea-963ff647d59c.jpg,cancer,0.744
../data/mri_dataset_brain_cancer_oc/sans_label/eeb3d054-1112-4072-af58-8311d03fdba6.jpg,cancer,0.7647069112804784
../data/mri_dataset_brain_cancer_oc/sans_label/d4f8cf82-b040-4ed7-b166-5a13d18de163.jpg,cancer,0.786
../data/mri_dataset_brain_cancer_oc/sans_label/ed88b3db-1d6c-44c5-9e08-30c4a040910c.jpg,cancer,0.708
../data/mri_dataset_brain_cancer_oc/sans_label/ea7cd9df-e4e5-42d8-926b-7fa218c92918.jpg,cancer,0.8
../data/mri_dataset_brain_cancer_oc/sans_label/d34bebae-f6e3-4909-87c9-005a6a769642.jpg,cancer,0.81
../data/mri_dataset_brain_cancer_oc/sans_label/f825d461-7eb0-4bed-b0e3-f0c0ebde2cd5.jpg,normal,0.804
../data/mri_dataset_brain_cancer_oc/sans_label/7748b371-a3ee-4659-8979-c941e99d0094.jpg,cancer,0.714
../data/mri_dataset_brain_cancer_oc/sans_label/1194593c-7ccd-4bbd-bbec-fd08b75afe1e.jpg,cancer,0.736
../data/mri_dataset_brain_cancer_oc/sans_label/914a70d9-40db-41d8-ab37-0532ceeee264.jpg,cancer,0.7
../data/mri_dataset_brain_cancer_oc/sans_label/76a872d5-952d-4aac-863e-0403e82e1448.jpg,cancer,0.816
../data/mri_dataset_brain_cancer_oc/sans_label/25e31a25-25eb-4c22-a414-0fb8eae6cf09.jpg,cancer,0.734
../data/mri_dataset_brain_cancer_oc/sans_label/d1459a4b-d693-41dd-84b1-743482796c97.jpg,normal,0.8180000000000001
../data/mri_dataset_brain_cancer_oc/sans_label/40077be9-cf60-4d6c-a01b-6de6bb7cf4c1.jpg,cancer,0.718
../data/mri_dataset_brain_cancer_oc/sans_label/1a308b44-87af-4ff2-8b88-da32c6df05af.jpg,cancer,0.772
../data/mri_dataset_brain_cancer_oc/sans_label/f8dda423-2779-4a01-a985-b8f09bcb0c01.jpg,normal,0.892
../data/mri_dataset_brain_cancer_oc/sans_label/e6a1fd23-d912-4365-be9f-94f1d863566d.jpg,cancer,0.788
../data/mri_dataset_brain_cancer_oc/sans_label/9238593a-ba0b-440f-b966-682605fe76ac.jpg,cancer,0.712
../data/mri_dataset_brain_cancer_oc/sans_label/dd5f74ca-1881-4834-9908-477097ed8e20.jpg,cancer,0.7
../data/mri_dataset_brain_cancer_oc/sans_label/a3625935-0405-40a2-b406-1c412fffc7f3.jpg,normal,0.842
../data/mri_dataset_brain_cancer_oc/sans_label/6d76f746-5892-4047-baf4-f10e04f666b0.jpg,cancer,0.712
../data/mri_dataset_brain_cancer_oc/sans_label/d6e6492e-d3f2-4799-89fb-9582ad25c7be.jpg,cancer,0.8175469044626191
../data/mri_dataset_brain_cancer_oc/sans_label/f44bf673-7385-48e9-90c1-7a154bbf27f7.jpg,cancer,0.772
../data/mri_dataset_brain_cancer_oc/sans_label/15127f32-b7fc-4c5a-9721-c885bfedef71.jpg,normal,0.726
../data/mri_dataset_brain_cancer_oc/sans_label/cf3c52af-5549-4f92-a57e-46de32e14e82.jpg,cancer,0.758
../data/mri_dataset_brain_cancer_oc/sans_label/c2a80dba-936c-4924-9f26-6de0e9aa082f.jpg,normal,0.808
../data/mri_dataset_brain_cancer_oc/sans_label/6e7f4ce7-00f4-43be-8bbf-299d79968dcd.jpg,cancer,0.802
../data/mri_dataset_brain_cancer_oc/sans_label/3a0ffe76-2d79-4426-bb1c-e3ae39ef3c03.jpg,cancer,0.77
../data/mri_dataset_brain_cancer_oc/sans_label/13a6b485-3471-4a4d-b3bd-0d26e374938d.jpg,cancer,0.8
../data/mri_dataset_brain_cancer_oc/sans_label/92f7087b-c5ca-46f8-9f12-72ae7b6a438c.jpg,cancer,0.828
../data/mri_dataset_brain_cancer_oc/sans_label/f2f97064-fd8d-4147-95cd-a180cfcfb913.jpg,normal,0.786
../data/mri_dataset_brain_cancer_oc/sans_label/b1599906-a75f-4f7c-9194-aef5ac307a98.jpg,cancer,0.774
../data/mri_dataset_brain_cancer_oc/sans_label/05e808fc-a00c-4f1e-9682-1f73915f6902.jpg,cancer,0.79
../data/mri_dataset_brain_cancer_oc/sans_label/b6a367ea-90ef-4608-8cc4-25d6480f2316.jpg,normal,0.868
../data/mri_dataset_brain_cancer_oc/sans_label/8162c9e5-bae6-4c9c-8091-2e78b1d15cbf.jpg,cancer,0.74
../data/mri_dataset_brain_cancer_oc/sans_label/379370a3-44c0-419c-941f-dd99692e70e2.jpg,cancer,0.72
../data/mri_dataset_brain_cancer_oc/sans_label/c65e4953-4a81-4bc5-a85c-57d57704e3be.jpg,cancer,0.716
../data/mri_dataset_brain_cancer_oc/sans_label/131400bc-ac37-42f8-9e8a-f96e5deae7d5.jpg,cancer,0.73
../data/mri_dataset_brain_cancer_oc/sans_label/72ad582f-9c85-4ec4-8d90-8d0106b0c87c.jpg,normal,0.844
../data/mri_dataset_brain_cancer_oc/sans_label/07ee903a-9246-4463-8250-6cd90eeaf08c.jpg,cancer,0.768
../data/mri_dataset_brain_cancer_oc/sans_label/4940c0e4-2564-446d-a31e-49730bace275.jpg,normal,0.73
../data/mri_dataset_brain_cancer_oc/sans_label/9910a342-b82a-40e3-af17-13e22971b18f.jpg,normal,0.758
../data/mri_dataset_brain_cancer_oc/sans_label/1dd22de5-a53a-4697-a3b0-9f24f35fa7e9.jpg,normal,0.89
../data/mri_dataset_brain_cancer_oc/sans_label/fb6a7301-59d7-4e59-a351-093cf585b713.jpg,cancer,0.702
../data/mri_dataset_brain_cancer_oc/sans_label/254784f6-116e-4b70-a5b3-44e924817123.jpg,cancer,0.756
../data/mri_dataset_brain_cancer_oc/sans_label/bbf13c98-7160-4557-8f5a-d00dfa44f1c1.jpg,cancer,0.703771796506459
../data/mri_dataset_brain_cancer_oc/sans_label/be6b6d40-5b6f-4159-888d-4bdcf9b0ba5b.jpg,cancer,0.704
../data/mri_dataset_brain_cancer_oc/sans_label/6691bbb0-a19f-4ac0-abb6-5614543e173e.jpg,normal,0.718
../data/mri_dataset_brain_cancer_oc/sans_label/cb52c430-69e8-4b42-af50-d061c9416841.jpg,cancer,0.732
../data/mri_dataset_brain_cancer_oc/sans_label/5d9c556c-ccf4-4960-a0c4-3fd6a3043fac.jpg,cancer,0.7121742364971739
../data/mri_dataset_brain_cancer_oc/sans_label/009e9d31-9f37-4d97-a941-81501294c403.jpg,cancer,0.708
../data/mri_dataset_brain_cancer_oc/sans_label/bed6e12c-2ea8-4b3e-a59e-cf36fe96e463.jpg,cancer,0.724
../data/mri_dataset_brain_cancer_oc/sans_label/356d690f-490f-45e0-8eef-70159517d826.jpg,cancer,0.856
../data/mri_dataset_brain_cancer_oc/sans_label/ddf0c26b-3f44-422a-b2b4-b20ad5730424.jpg,cancer,0.83
../data/mri_dataset_brain_cancer_oc/sans_label/4d16f5d0-bb48-4571-a231-ed67a5d6dd5e.jpg,cancer,0.734
../data/mri_dataset_brain_cancer_oc/sans_label/c51b239d-ea9f-4e39-851d-3d31c378e1c9.jpg,cancer,0.72
../data/mri_dataset_brain_cancer_oc/sans_label/2836c6e4-a50e-4f96-a057-33405b18de0d.jpg,cancer,0.718
../data/mri_dataset_brain_cancer_oc/sans_label/47abe1b3-9a05-4d39-bae6-f3287dfffa60.jpg,cancer,0.76
../data/mri_dataset_brain_cancer_oc/sans_label/24e82706-723d-419a-8f93-519ebabbd8a4.jpg,normal,0.758
../data/mri_dataset_brain_cancer_oc/sans_label/e6c71dca-2fbf-4534-8003-b007d6d2f01f.jpg,cancer,0.744
../data/mri_dataset_brain_cancer_oc/sans_label/3058ed0b-2e00-4383-9cb6-8d425be1d69b.jpg,normal,0.7
../data/mri_dataset_brain_cancer_oc/sans_label/beab9b35-c1b2-4ad0-90f5-41c773f135ff.jpg,normal,0.74
../data/mri_dataset_brain_cancer_oc/sans_label/243243ad-a8e1-4761-9800-6d32fb4cdfe6.jpg,cancer,0.792
../data/mri_dataset_brain_cancer_oc/sans_label/bfe2c7a0-03d8-4981-ae18-b7ee0130bc11.jpg,normal,0.724
../data/mri_dataset_brain_cancer_oc/sans_label/a2e9256e-b213-43b2-a4b2-846c181ab7ae.jpg,cancer,0.806
../data/mri_dataset_brain_cancer_oc/sans_label/cebb51d7-8c39-48fa-bb82-0d76501be768.jpg,cancer,0.74
../data/mri_dataset_brain_cancer_oc/sans_label/bd823626-a1df-46de-9e4a-f93c6b12600d.jpg,cancer,0.746
../data/mri_dataset_brain_cancer_oc/sans_label/0a592d17-b235-4d1f-950d-c90598e5d19e.jpg,cancer,0.752
../data/mri_dataset_brain_cancer_oc/sans_label/be13c534-5a49-4a6f-abed-0ee6d43b8168.jpg,cancer,0.778
../data/mri_dataset_brain_cancer_oc/sans_label/e998d78e-42b9-44c4-b7ea-0b4cbe6b250d.jpg,cancer,0.766
../data/mri_dataset_brain_cancer_oc/sans_label/ed1fea6a-ba35-471e-963e-05ee5d67fd63.jpg,cancer,0.71
../data/mri_dataset_brain_cancer_oc/sans_label/e7b6d77b-bc2b-4eaf-9037-9cf275ce5a48.jpg,cancer,0.704
../data/mri_dataset_brain_cancer_oc/sans_label/33a6d838-67db-4ad2-a67a-b4d4b641ec8a.jpg,cancer,0.756
../data/mri_dataset_brain_cancer_oc/sans_label/c4d9b988-8e7d-4f8c-9f67-d34f275a1c41.jpg,cancer,0.816
../data/mri_dataset_brain_cancer_oc/sans_label/e974d081-5f30-4a37-ae0c-560a40a3d3b6.jpg,cancer,0.708
../data/mri_dataset_brain_cancer_oc/sans_label/eebd905c-ee0f-44aa-a33f-fea3fab843a0.jpg,normal,0.908
../data/mri_dataset_brain_cancer_oc/sans_label/30f4d898-458b-420e-b687-9fd4a12eedcc.jpg,normal,0.81
../data/mri_dataset_brain_cancer_oc/sans_label/b791695b-ae90-4bf2-a21f-49f50473d757.jpg,cancer,0.72
../data/mri_dataset_brain_cancer_oc/sans_label/61573140-5d9f-4678-96d9-2edd5b17cfe5.jpg,cancer,0.784
../data/mri_dataset_brain_cancer_oc/sans_label/e9f6d279-0737-4ea3-b13c-59ff52bf016d.jpg,cancer,0.878
../data/mri_dataset_brain_cancer_oc/sans_label/17a0afbb-f7eb-415b-a909-14d625a20c49.jpg,cancer,0.79
../data/mri_dataset_brain_cancer_oc/sans_label/ee751cc3-cfee-4744-9f2d-16b177562ec1.jpg,cancer,0.722
../data/mri_dataset_brain_cancer_oc/sans_label/391fa099-33ae-4f27-bbbc-248f072a9373.jpg,cancer,0.712
../data/mri_dataset_brain_cancer_oc/sans_label/b34c74b8-90d1-415f-aef0-e6803e181fb8.jpg,cancer,0.806
../data/mri_dataset_brain_cancer_oc/sans_label/5dd5c97a-611d-4503-b61b-41e0c3392f01.jpg,normal,0.888
../data/mri_dataset_brain_cancer_oc/sans_label/ae16d97e-2b19-4723-b545-5da8a6788538.jpg,cancer,0.854
../data/mri_dataset_brain_cancer_oc/sans_label/b6f5d34f-6564-4515-a8bd-454cb427d89b.jpg,cancer,0.724
../data/mri_dataset_brain_cancer_oc/sans_label/3aff54be-b7ff-4071-abce-a25915bb0453.jpg,cancer,0.776
../data/mri_dataset_brain_cancer_oc/sans_label/8411efde-077b-4888-9017-55a3c1848399.jpg,cancer,0.732
../data/mri_dataset_brain_cancer_oc/sans_label/2eb47d1a-f7b6-447b-832d-5d56ef7be20c.jpg,cancer,0.734
../data/mri_dataset_brain_cancer_oc/sans_label/11fbbab2-b71f-43f1-b216-9232232322e9.jpg,cancer,0.766
../data/mri_dataset_brain_cancer_oc/sans_label/7c232161-5e0e-4e33-8097-f55161592c2f.jpg,cancer,0.752
../data/mri_dataset_brain_cancer_oc/sans_label/6b833c30-ad0c-4c8d-9c9b-1561f44af830.jpg,cancer,0.758
../data/mri_dataset_brain_cancer_oc/sans_label/995b70f4-c2b6-4aad-a523-e45d83636997.jpg,cancer,0.73
../data/mri_dataset_brain_cancer_oc/sans_label/5b819f6b-dd29-42b7-b4ac-29ef152bf6bb.jpg,normal,0.752
../data/mri_dataset_brain_cancer_oc/sans_label/f324adf2-d0b4-4a5f-a648-6ac586eabd9a.jpg,cancer,0.86
../data/mri_dataset_brain_cancer_oc/sans_label/41d0f225-4842-4b7b-9e54-9952e603e03f.jpg,cancer,0.732
../data/mri_dataset_brain_cancer_oc/sans_label/bf866f83-f688-447d-96cc-541c2f402f47.jpg,cancer,0.792
../data/mri_dataset_brain_cancer_oc/sans_label/b378a02d-501a-4a6c-b7a8-db752f862f42.jpg,cancer,0.752
../data/mri_dataset_brain_cancer_oc/sans_label/c697f7b8-a805-453b-9f5b-cf0b4f451a33.jpg,normal,0.804
../data/mri_dataset_brain_cancer_oc/sans_label/62acd743-0555-4bb9-b26d-c4c8f09409f3.jpg,cancer,0.712
../data/mri_dataset_brain_cancer_oc/sans_label/9697898c-3c42-4dab-8916-faff2037a2dc.jpg,cancer,0.79
../data/mri_dataset_brain_cancer_oc/sans_label/73a64487-fd49-49da-a71d-2ebf834ddfc3.jpg,cancer,0.724
../data/mri_dataset_brain_cancer_oc/sans_label/a4db8e48-b4c2-4c58-b51d-c4c9f27db258.jpg,cancer,0.7009596517227888
../data/mri_dataset_brain_cancer_oc/sans_label/691c1f9a-1fd6-4abc-bd75-db261111bd2b.jpg,cancer,0.762
../data/mri_dataset_brain_cancer_oc/sans_label/a0527877-e057-4aad-b285-3c19c94a3534.jpg,cancer,0.708
../data/mri_dataset_brain_cancer_oc/sans_label/fc0c3deb-0017-42f3-9d08-d89405c58b8f.jpg,cancer,0.72
../data/mri_dataset_brain_cancer_oc/sans_label/ea962881-8a48-41a4-ae4a-ec6819d348c3.jpg,cancer,0.74
../data/mri_dataset_brain_cancer_oc/sans_label/615bc32b-fc75-4e88-8218-185988721a2b.jpg,cancer,0.724
../data/mri_dataset_brain_cancer_oc/sans_label/3e5acc42-321e-45eb-ba51-ecca20a29587.jpg,cancer,0.788
../data/mri_dataset_brain_cancer_oc/sans_label/f4f16fea-acba-43fb-b742-3b6b9c9243b0.jpg,normal,0.738
../data/mri_dataset_brain_cancer_oc/sans_label/f5013582-f682-4d08-8b7e-a6bc599f2137.jpg,normal,0.72
../data/mri_dataset_brain_cancer_oc/sans_label/d3a9f98b-e591-4a84-b355-b11baa271060.jpg,cancer,0.768
../data/mri_dataset_brain_cancer_oc/sans_label/5f7d15a8-3033-47f9-8afc-6e18d3652ce1.jpg,cancer,0.796
../data/mri_dataset_brain_cancer_oc/sans_label/95336f5d-d39b-46cd-8b16-b58b43518c1c.jpg,cancer,0.754
../data/mri_dataset_brain_cancer_oc/sans_label/1b73a930-df46-4138-9999-c2196a5dfe55.jpg,cancer,0.708
../data/mri_dataset_brain_cancer_oc/sans_label/cd4ec45d-c01d-438c-9032-0b811159a980.jpg,cancer,0.702
../data/mri_dataset_brain_cancer_oc/sans_label/c3305fd4-95c1-4761-bd6c-f8969a1f631e.jpg,normal,0.892
../data/mri_dataset_brain_cancer_oc/sans_label/51a964bd-5916-45b8-91ae-81a0635143a9.jpg,cancer,0.724
../data/mri_dataset_brain_cancer_oc/sans_label/ddee2693-8c67-46ff-aaaa-6258cefa88d0.jpg,cancer,0.722
../data/mri_dataset_brain_cancer_oc/sans_label/7f18161a-611c-4e57-a0d2-9189582498df.jpg,cancer,0.816
../data/mri_dataset_brain_cancer_oc/sans_label/d48d1803-107d-49bf-80d0-01b0809b9747.jpg,cancer,0.7720907708153756
../data/mri_dataset_brain_cancer_oc/sans_label/63493130-2687-4ed7-90a0-c5f26adad303.jpg,normal,0.848
../data/mri_dataset_brain_cancer_oc/sans_label/d52b603e-de7e-4923-9580-75ecf947f3bf.jpg,cancer,0.796
../data/mri_dataset_brain_cancer_oc/sans_label/e237e598-a7da-4a94-9427-c3ddf64ca667.jpg,cancer,0.744
../data/mri_dataset_brain_cancer_oc/sans_label/32179fa4-f41e-45cb-b8fd-a5ed748b6e0c.jpg,cancer,0.7
../data/mri_dataset_brain_cancer_oc/sans_label/4542a953-9f45-49ca-b90b-502fd29732c7.jpg,cancer,0.716
../data/mri_dataset_brain_cancer_oc/sans_label/3d6aa1fe-6c9f-4afa-a499-dc909d838e98.jpg,cancer,0.704
../data/mri_dataset_brain_cancer_oc/sans_label/04d076ce-4216-47ba-9013-6fe6956c7aed.jpg,cancer,0.876
../data/mri_dataset_brain_cancer_oc/sans_label/4ab4a1fe-973b-4d6f-9efd-3803308a3554.jpg,normal,0.702
../data/mri_dataset_brain_cancer_oc/sans_label/62bfdf9a-a52d-4601-bd89-5da0b9b31447.jpg,cancer,0.796
../data/mri_dataset_brain_cancer_oc/sans_label/c4ae2e45-ed52-4c37-b411-0f432b3e8b5b.jpg,cancer,0.776
../data/mri_dataset_brain_cancer_oc/sans_label/7c41e40d-4e72-472c-8da0-b2ce9d642203.jpg,cancer,0.776
../data/mri_dataset_brain_cancer_oc/sans_label/d8841e31-81fe-4aed-aace-477d090ce0a1.jpg,cancer,0.7
../data/mri_dataset_brain_cancer_oc/sans_label/66787dcb-65fc-465b-99f8-a5f3df43de8f.jpg,cancer,0.744
../data/mri_dataset_brain_cancer_oc/sans_label/3b763d9e-91a1-403e-8c0c-edd716c08251.jpg,normal,0.8
../data/mri_dataset_brain_cancer_oc/sans_label/629ce647-ee7a-40ef-95a5-c991c5ba7665.jpg,cancer,0.782
../data/mri_dataset_brain_cancer_oc/sans_label/e31ccf86-45ab-42b1-9cb2-46f7ac5970a1.jpg,normal,0.884
../data/mri_dataset_brain_cancer_oc/sans_label/dfd03d67-6c4c-46c7-be16-7eb248e6225b.jpg,cancer,0.72
../data/mri_dataset_brain_cancer_oc/sans_label/b2f8d9a9-ef82-4c08-a602-1a5fdc3ba173.jpg,cancer,0.8
../data/mri_dataset_brain_cancer_oc/sans_label/1b12dae4-85d9-4b23-b93c-ebbab0eef531.jpg,cancer,0.754
../data/mri_dataset_brain_cancer_oc/sans_label/3b1f05e1-7b97-4e82-9574-61f36a179d1c.jpg,cancer,0.708
../data/mri_dataset_brain_cancer_oc/sans_label/a9619c7e-ed01-41ee-8d40-631b9852a32d.jpg,cancer,0.716
../data/mri_dataset_brain_cancer_oc/sans_label/09d56396-71e1-4c05-bf3f-ad755cb175a3.jpg,normal,0.8280000000000001
../data/mri_dataset_brain_cancer_oc/sans_label/a74cd797-2401-44e9-b29b-e3e125c8e148.jpg,normal,0.714
../data/mri_dataset_brain_cancer_oc/sans_label/52fe9479-660b-47f8-955e-ebf52fe8c9aa.jpg,cancer,0.738
../data/mri_dataset_brain_cancer_oc/sans_label/e3c09bf9-708c-4934-87ca-1bbe5b21f0d3.jpg,cancer,0.72
../data/mri_dataset_brain_cancer_oc/sans_label/de98c91a-04b8-49b4-a7ab-084cd6bbda35.jpg,cancer,0.782
../data/mri_dataset_brain_cancer_oc/sans_label/a5498ea1-4980-4bf9-a397-eff3fc64da84.jpg,cancer,0.858
../data/mri_dataset_brain_cancer_oc/sans_label/f52abe7f-be3d-4428-8c75-a9e08f981f0b.jpg,normal,0.714
../data/mri_dataset_brain_cancer_oc/sans_label/d4b29b8d-2d7c-4856-8e61-6119104a1486.jpg,normal,0.836
../data/mri_dataset_brain_cancer_oc/sans_label/44303155-6799-420d-a55d-99e018674515.jpg,cancer,0.764
../data/mri_dataset_brain_cancer_oc/sans_label/2e851a56-15c3-4063-b004-382142142e97.jpg,cancer,0.722
../data/mri_dataset_brain_cancer_oc/sans_label/4a0dcb3d-b143-4a64-8665-d150a0397f9d.jpg,cancer,0.808
../data/mri_dataset_brain_cancer_oc/sans_label/349a5dee-ae7f-4de8-a34f-b34f593d1b60.jpg,normal,0.738
../data/mri_dataset_brain_cancer_oc/sans_label/6d54198f-6c33-4158-8c3b-41ae0528f76d.jpg,normal,0.734
../data/mri_dataset_brain_cancer_oc/sans_label/11698a42-88ac-4e65-8ea8-2e246db28656.jpg,cancer,0.824
../data/mri_dataset_brain_cancer_oc/sans_label/420bc65c-4456-45ff-b5b4-19ba112649c3.jpg,normal,0.8260000000000001
../data/mri_dataset_brain_cancer_oc/sans_label/ade0e9eb-189d-4e9e-8f8a-93f142c99e70.jpg,cancer,0.784
../data/mri_dataset_brain_cancer_oc/sans_label/fb9d36e6-f30c-4943-8f6a-adfdcaac2356.jpg,normal,0.858
../data/mri_dataset_brain_cancer_oc/sans_label/af8a85eb-0518-464f-82ba-4bbe07234156.jpg,cancer,0.774
../data/mri_dataset_brain_cancer_oc/sans_label/d4a9b08d-0fda-4550-b939-2fb71feb1c16.jpg,cancer,0.768
../data/mri_dataset_brain_cancer_oc/sans_label/30ffee72-6e84-4d01-88a3-a09769c1b6cf.jpg,cancer,0.756
../data/mri_dataset_brain_cancer_oc/sans_label/21ba4389-dd6d-420f-a764-8fec9af826e7.jpg,cancer,0.81
../data/mri_dataset_brain_cancer_oc/sans_label/a4246a3d-368d-44da-8518-cf2d87dc8c59.jpg,cancer,0.824
../data/mri_dataset_brain_cancer_oc/sans_label/6d2cbcf4-0b17-4f23-9009-4d83be9a2dcd.jpg,cancer,0.712
../data/mri_dataset_brain_cancer_oc/sans_label/107d8f7a-af33-493c-aed2-895db3dd948f.jpg,normal,0.874
../data/mri_dataset_brain_cancer_oc/sans_label/ab11abb6-af74-41ad-a11a-e7fa6d7291ba.jpg,cancer,0.892
../data/mri_dataset_brain_cancer_oc/sans_label/201a4b53-cca5-4923-a87f-36178d619635.jpg,cancer,0.812
../data/mri_dataset_brain_cancer_oc/sans_label/f1984eff-6b19-4ca7-b623-9c757249bf04.jpg,cancer,0.758
../data/mri_dataset_brain_cancer_oc/sans_label/824b1cb2-f810-4bf3-97cc-6a6da787a38d.jpg,cancer,0.752
../data/mri_dataset_brain_cancer_oc/sans_label/6825eab8-f17c-4521-a5b7-818729c0c5d9.jpg,normal,0.742
../data/mri_dataset_brain_cancer_oc/sans_label/6d811cfe-af52-429d-a172-5dc70ed3d171.jpg,cancer,0.7030394792130703
../data/mri_dataset_brain_cancer_oc/sans_label/b81d8697-0c53-4884-ae67-451f03c49cf3.jpg,cancer,0.856
../data/mri_dataset_brain_cancer_oc/sans_label/1fca4a00-3eb2-4667-9f39-697ae1480926.jpg,cancer,0.732
../data/mri_dataset_brain_cancer_oc/sans_label/d9041cf9-c600-4b70-8d1d-6b51a4bf8bd5.jpg,normal,0.8220000000000001
../data/mri_dataset_brain_cancer_oc/sans_label/b0573368-2b4a-4bb5-a2f2-fd4c106cbd6a.jpg,cancer,0.798
../data/mri_dataset_brain_cancer_oc/sans_label/aa3c3d81-b7c5-4f1a-8c26-416bb1e98959.jpg,cancer,0.758
../data/mri_dataset_brain_cancer_oc/sans_label/b439fafb-e052-46ed-a016-7ff5d1807c21.jpg,normal,0.834
../data/mri_dataset_brain_cancer_oc/sans_label/10d86392-5ab8-404c-9332-939a323dc8de.jpg,cancer,0.766
../data/mri_dataset_brain_cancer_oc/sans_label/e3102899-9a33-4b7b-937e-debb6d16aeb1.jpg,cancer,0.722
../data/mri_dataset_brain_cancer_oc/sans_label/6f4274f7-e782-45e0-9536-4931935f7b49.jpg,cancer,0.7
../data/mri_dataset_brain_cancer_oc/sans_label/5a989308-5f9a-4528-9323-7a6c6547107d.jpg,normal,0.8280000000000001
../data/mri_dataset_brain_cancer_oc/sans_label/b43df22b-ca36-4759-bcab-607c2bb15700.jpg,cancer,0.714
../data/mri_dataset_brain_cancer_oc/sans_label/dd2eb4e7-90a3-4801-ab47-b94dee64eab2.jpg,normal,0.874
../data/mri_dataset_brain_cancer_oc/sans_label/7ff11209-fd8e-412f-935e-aaf635a25afa.jpg,normal,0.774
../data/mri_dataset_brain_cancer_oc/sans_label/b0106bf8-8746-4191-b59d-454c38756d88.jpg,cancer,0.76
../data/mri_dataset_brain_cancer_oc/sans_label/f844fccf-c118-43d6-bc9d-551403ff443e.jpg,cancer,0.78
../data/mri_dataset_brain_cancer_oc/sans_label/39212733-698a-40da-9b79-43ba2eb9917c.jpg,cancer,0.746
../data/mri_dataset_brain_cancer_oc/sans_label/dda4e1f7-3614-4903-a53f-45a9b838d785.jpg,normal,0.786
../data/mri_dataset_brain_cancer_oc/sans_label/b7dfdd1a-0fde-4fb6-a164-cd3ffde2c76c.jpg,cancer,0.742
../data/mri_dataset_brain_cancer_oc/sans_label/be331e19-085b-4197-95a8-8c148c815334.jpg,cancer,0.802
../data/mri_dataset_brain_cancer_oc/sans_label/765b8c3b-d651-4758-9106-736d11ea60c0.jpg,cancer,0.804
../data/mri_dataset_brain_cancer_oc/sans_label/2e255b7b-ccf0-4e3a-95cf-eb4460d5ae85.jpg,cancer,0.728
../data/mri_dataset_brain_cancer_oc/sans_label/58cba4ba-db60-4790-af57-466b841a20ce.jpg,cancer,0.708
../data/mri_dataset_brain_cancer_oc/sans_label/b038504e-6513-4c61-83ea-6016dae07068.jpg,cancer,0.702
../data/mri_dataset_brain_cancer_oc/sans_label/22efad41-71a8-4ac4-8ba7-731a22fc8f0f.jpg,normal,0.7418342671207672
../data/mri_dataset_brain_cancer_oc/sans_label/8b22e623-fe9a-48de-a8a9-326baf91af63.jpg,normal,0.866
../data/mri_dataset_brain_cancer_oc/sans_label/c0c88360-0527-4dcd-9b20-fd18576a948a.jpg,cancer,0.702
../data/mri_dataset_brain_cancer_oc/sans_label/ee0737c2-8bbd-4a77-b531-dd8fa5e3dcd9.jpg,cancer,0.756
../data/mri_dataset_brain_cancer_oc/sans_label/fd6cada9-1b71-4020-acdf-8dbdffc05216.jpg,cancer,0.772
../data/mri_dataset_brain_cancer_oc/sans_label/0beafed8-1e3b-48a3-9bdb-4dbf96432dfd.jpg,cancer,0.798
../data/mri_dataset_brain_cancer_oc/sans_label/e01c1cb3-c26c-4426-931e-a51b0f0217dd.jpg,cancer,0.714
../data/mri_dataset_brain_cancer_oc/sans_label/744e73bc-29c6-4116-9236-785d2c4091b4.jpg,cancer,0.734
../data/mri_dataset_brain_cancer_oc/sans_label/fc0ab4c3-7285-4e86-99d7-959f54ec8da7.jpg,cancer,0.754
../data/mri_dataset_brain_cancer_oc/sans_label/61174d39-5271-4b15-9aec-431ab38d982d.jpg,cancer,0.72
../data/mri_dataset_brain_cancer_oc/sans_label/5674a7bf-6fe6-4c43-b574-fdd81608e18b.jpg,cancer,0.774
../data/mri_dataset_brain_cancer_oc/sans_label/239b9986-e7d3-4a2f-a259-0947eef56f52.jpg,cancer,0.774
../data/mri_dataset_brain_cancer_oc/sans_label/8411d424-f38c-497c-aeab-30213125a487.jpg,normal,0.746
../data/mri_dataset_brain_cancer_oc/sans_label/e1a64f26-0a88-4168-9512-e9444df90d9c.jpg,cancer,0.76
../data/mri_dataset_brain_cancer_oc/sans_label/f1c28168-17e9-41ce-88b8-1f0bcc8c5cc6.jpg,normal,0.718
../data/mri_dataset_brain_cancer_oc/sans_label/ab0e7755-33af-44b9-81bd-bc82b31aee1e.jpg,cancer,0.824
../data/mri_dataset_brain_cancer_oc/sans_label/67722cde-ef60-48a0-8509-4fb75a2528b3.jpg,cancer,0.828
../data/mri_dataset_brain_cancer_oc/sans_label/30c19127-f3e9-421f-9847-dcf07db7d493.jpg,cancer,0.784
../data/mri_dataset_brain_cancer_oc/sans_label/4beb7ae1-51f0-48f2-bc18-a13500e164ef.jpg,cancer,0.768
../data/mri_dataset_brain_cancer_oc/sans_label/470fdac5-3acb-4d5a-aa31-aaf866697c44.jpg,cancer,0.74
../data/mri_dataset_brain_cancer_oc/sans_label/71cc7faa-cfeb-4929-83dd-873d5853f05b.jpg,cancer,0.788
../data/mri_dataset_brain_cancer_oc/sans_label/cd986f61-0bd8-4beb-bd9c-6962d00d59c2.jpg,cancer,0.838
../data/mri_dataset_brain_cancer_oc/sans_label/e325c59e-b404-47e3-a101-a4a2487000a4.jpg,cancer,0.726
../data/mri_dataset_brain_cancer_oc/sans_label/ac865d09-397a-4949-9ebf-46ec9f12fa9c.jpg,cancer,0.808
../data/mri_dataset_brain_cancer_oc/sans_label/2a098f48-f13b-462e-9f59-7232cf01db8e.jpg,cancer,0.7434081809668008
../data/mri_dataset_brain_cancer_oc/sans_label/b3435209-7f0e-4c19-b14c-961dfedf7fa5.jpg,cancer,0.844
../data/mri_dataset_brain_cancer_oc/sans_label/55ff4348-5711-47d8-9482-11fdfae5a64a.jpg,cancer,0.736
../data/mri_dataset_brain_cancer_oc/sans_label/af799b9c-1752-424f-9139-02f554e58b68.jpg,cancer,0.828
../data/mri_dataset_brain_cancer_oc/sans_label/3e3bc53d-e0df-450f-b93b-9d3e6060e195.jpg,normal,0.74
../data/mri_dataset_brain_cancer_oc/sans_label/5ad5d915-777b-4f36-84a1-2c019a869145.jpg,normal,0.778
../data/mri_dataset_brain_cancer_oc/sans_label/24747dd0-93e1-43bd-b824-15b973b1585e.jpg,normal,0.856
../data/mri_dataset_brain_cancer_oc/sans_label/a3e38644-10d6-43b0-bac5-1847580bc89d.jpg,normal,0.812
../data/mri_dataset_brain_cancer_oc/sans_label/719fe13a-5fe3-49ef-9eaf-b29b372314e2.jpg,cancer,0.802
../data/mri_dataset_brain_cancer_oc/sans_label/52f16dc2-f3c0-499c-9a50-59e02341b0fa.jpg,cancer,0.726
../data/mri_dataset_brain_cancer_oc/sans_label/adf753d3-b12a-4ab5-9c8a-732f31df7bd2.jpg,normal,0.716
../data/mri_dataset_brain_cancer_oc/sans_label/754b5cb9-275c-43ac-943d-790d31e374c6.jpg,normal,0.724
../data/mri_dataset_brain_cancer_oc/sans_label/e33926b9-f786-48d3-8690-6720daea325c.jpg,cancer,0.776
../data/mri_dataset_brain_cancer_oc/sans_label/553cf3fa-ab91-47b4-98c9-9e6c9f3c964f.jpg,normal,0.78
../data/mri_dataset_brain_cancer_oc/sans_label/692df5a7-346a-45cf-a283-07806ed8bb0b.jpg,cancer,0.716
../data/mri_dataset_brain_cancer_oc/sans_label/b3cc2a2a-c893-4007-8923-cf388e074e98.jpg,normal,0.864
../data/mri_dataset_brain_cancer_oc/sans_label/a486acab-bb88-45d9-bba8-632008060dc2.jpg,cancer,0.78
../data/mri_dataset_brain_cancer_oc/sans_label/871454cc-5072-4369-919c-76ccebbe196b.jpg,cancer,0.706
../data/mri_dataset_brain_cancer_oc/sans_label/8b4824e5-7560-4c8d-80d0-75c393002311.jpg,cancer,0.72
../data/mri_dataset_brain_cancer_oc/sans_label/6c3376de-dc04-4a3f-9025-91bab1caeef1.jpg,cancer,0.704
../data/mri_dataset_brain_cancer_oc/sans_label/9b04b6c2-79c4-4837-9199-8b4104224743.jpg,cancer,0.7910946948029907
../data/mri_dataset_brain_cancer_oc/sans_label/c7045bd6-b179-4db6-aaf1-c7a494d7ca2c.jpg,cancer,0.744
../data/mri_dataset_brain_cancer_oc/sans_label/8885fcc6-68de-4743-985c-8cc88d02a579.jpg,normal,0.778
../data/mri_dataset_brain_cancer_oc/sans_label/7ff5b20e-903d-4579-a36f-237da34815a6.jpg,cancer,0.868
../data/mri_dataset_brain_cancer_oc/sans_label/52b3b597-7397-4e1c-8e8b-8f8b84af20b7.jpg,normal,0.802
../data/mri_dataset_brain_cancer_oc/sans_label/c7cad843-f751-49a4-ab34-f812e74fc243.jpg,cancer,0.736
../data/mri_dataset_brain_cancer_oc/sans_label/cec1206e-7243-4fbc-8075-828f3eaa6f87.jpg,cancer,0.778
../data/mri_dataset_brain_cancer_oc/sans_label/a04979a3-848c-4019-9fac-dd294519b75d.jpg,cancer,0.826
../data/mri_dataset_brain_cancer_oc/sans_label/abbb32f3-2e41-40b7-9dcf-74cc277e422b.jpg,cancer,0.8
../data/mri_dataset_brain_cancer_oc/sans_label/2c053bfd-7f9c-46f1-99fb-36320171040c.jpg,cancer,0.724
../data/mri_dataset_brain_cancer_oc/sans_label/36aa97d2-9e9b-4d5a-8b69-ac719d8012e9.jpg,cancer,0.822
../data/mri_dataset_brain_cancer_oc/sans_label/a249a282-e855-44d5-8759-476934b332fb.jpg,cancer,0.748
../data/mri_dataset_brain_cancer_oc/sans_label/d3b69f1b-5771-4e81-b15f-08ada54b414b.jpg,cancer,0.76
../data/mri_dataset_brain_cancer_oc/sans_label/c2feb010-0d6a-45c6-9fe8-4981b40daef4.jpg,cancer,0.71
../data/mri_dataset_brain_cancer_oc/sans_label/8171df9c-3845-4112-892f-c6fb1961dd00.jpg,cancer,0.902
../data/mri_dataset_brain_cancer_oc/sans_label/6dd0426f-3cef-4af4-8327-69f724b587d8.jpg,cancer,0.792
../data/mri_dataset_brain_cancer_oc/sans_label/65664115-d6c0-4d61-8708-1e8e36f1c193.jpg,cancer,0.722
../data/mri_dataset_brain_cancer_oc/sans_label/10ac7600-4206-4e17-a866-e4bbc536eaa7.jpg,normal,0.768
../data/mri_dataset_brain_cancer_oc/sans_label/7b4c0b8b-e0b3-4b4b-b2fd-404824b3945c.jpg,cancer,0.722
../data/mri_dataset_brain_cancer_oc/sans_label/31d0ec8d-0411-438f-9ab2-ac02f0bb5775.jpg,normal,0.744
../data/mri_dataset_brain_cancer_oc/sans_label/827650e1-dd86-4dc9-a3e0-1483686c5c4d.jpg,cancer,0.754
../data/mri_dataset_brain_cancer_oc/sans_label/d4e48d7d-a758-48d0-820a-9bfca5247ff3.jpg,normal,0.764
../data/mri_dataset_brain_cancer_oc/sans_label/9c1914bd-03b4-4fe9-984b-590ee2ba0142.jpg,cancer,0.854
../data/mri_dataset_brain_cancer_oc/sans_label/5917a21d-0a1e-4138-ab5d-0d0e29d32b6b.jpg,cancer,0.724
../data/mri_dataset_brain_cancer_oc/sans_label/8d10d414-a4aa-49df-ba2a-8f29cad2c785.jpg,cancer,0.858
../data/mri_dataset_brain_cancer_oc/sans_label/8d700c36-24aa-4b10-9f65-c988ad4cb3ab.jpg,normal,0.71
../data/mri_dataset_brain_cancer_oc/sans_label/3faa6891-dd9c-41b2-aca3-0b87b22eb6b6.jpg,cancer,0.724
../data/mri_dataset_brain_cancer_oc/sans_label/2a103299-4ee4-416e-bf86-cb4f06c96897.jpg,cancer,0.858
../data/mri_dataset_brain_cancer_oc/sans_label/5f55e8e8-a676-42a9-bce8-4dd02234a621.jpg,cancer,0.844
../data/mri_dataset_brain_cancer_oc/sans_label/160219f1-5b85-4655-b7ca-038a20164df1.jpg,cancer,0.776
../data/mri_dataset_brain_cancer_oc/sans_label/4cc8628e-3700-45cc-9bd3-30c727c42a46.jpg,cancer,0.758
../data/mri_dataset_brain_cancer_oc/sans_label/aaa8904f-1fbf-41f8-8672-d3a0c0ae69ca.jpg,cancer,0.746
../data/mri_dataset_brain_cancer_oc/sans_label/2e039f72-ee1f-4bef-a7ee-ac814fb510b6.jpg,cancer,0.726
../data/mri_dataset_brain_cancer_oc/sans_label/d8a60e0b-1c69-4a5a-9d22-61496a1c0b62.jpg,normal,0.834
../data/mri_dataset_brain_cancer_oc/sans_label/b0da657c-53c0-4efb-bed4-ebb465f90bd0.jpg,cancer,0.87
../data/mri_dataset_brain_cancer_oc/sans_label/da45f349-f490-49d7-8fb6-c427c7ccf898.jpg,cancer,0.706
../data/mri_dataset_brain_cancer_oc/sans_label/01fa1329-7524-49f5-8f11-bb9d8717a3fe.jpg,cancer,0.718
../data/mri_dataset_brain_cancer_oc/sans_label/cb79220e-bebb-4328-87e5-917ca51607ed.jpg,cancer,0.718
../data/mri_dataset_brain_cancer_oc/sans_label/cf6f969e-47d6-4796-a0c1-cf6b2dbb7a42.jpg,cancer,0.802
../data/mri_dataset_brain_cancer_oc/sans_label/06dd4af6-faf7-4661-a3cc-c5a30e01bb74.jpg,cancer,0.752
../data/mri_dataset_brain_cancer_oc/sans_label/78ebd406-e28f-464f-8dd2-b0bdc6906e29.jpg,normal,0.746
../data/mri_dataset_brain_cancer_oc/sans_label/ffe6c966-3830-4e88-b02d-bb47fdf4da18.jpg,cancer,0.722
../data/mri_dataset_brain_cancer_oc/sans_label/acd40feb-efc6-453d-befa-819b9502a4c2.jpg,cancer,0.834
../data/mri_dataset_brain_cancer_oc/sans_label/2e671412-32fd-4136-9844-f7053b0696c9.jpg,cancer,0.794
../data/mri_dataset_brain_cancer_oc/sans_label/5f80fa29-e2a3-4897-ac4e-d3ec50b42898.jpg,normal,0.73
../data/mri_dataset_brain_cancer_oc/sans_label/1734f1c3-dc3a-4130-a94f-9836c8db4458.jpg,cancer,0.812
../data/mri_dataset_brain_cancer_oc/sans_label/ccb13ab2-6120-447e-8e1d-56fa7971708f.jpg,cancer,0.732
../data/mri_dataset_brain_cancer_oc/sans_label/101be262-63cd-4a5d-ba17-15a92e881c50.jpg,cancer,0.764
../data/mri_dataset_brain_cancer_oc/sans_label/b8de1e90-8be7-439c-8e7e-4e674309eff0.jpg,normal,0.928
../data/mri_dataset_brain_cancer_oc/sans_label/8995da3a-8071-4b32-afa8-d71de7ff697e.jpg,cancer,0.704
../data/mri_dataset_brain_cancer_oc/sans_label/c6c9465b-6a3f-44d0-ad3a-06d0f7129afd.jpg,cancer,0.784
../data/mri_dataset_brain_cancer_oc/sans_label/da97d7fe-ecc6-4288-a4bd-e2adbfd5b6af.jpg,normal,0.854
../data/mri_dataset_brain_cancer_oc/sans_label/aa3b5558-4655-4cc2-a6f1-b7a1183202ec.jpg,normal,0.752
../data/mri_dataset_brain_cancer_oc/sans_label/0f1671c9-0387-484e-8e31-61e1fe074e7b.jpg,cancer,0.752
../data/mri_dataset_brain_cancer_oc/sans_label/8f20b4bd-abce-44a7-914e-d0c4e22a09d9.jpg,cancer,0.786
../data/mri_dataset_brain_cancer_oc/sans_label/c38f8369-c2b1-41e3-a5ab-fd4c0cdafd3e.jpg,cancer,0.858
../data/mri_dataset_brain_cancer_oc/sans_label/8c4761d3-28d0-483c-8d75-7e4facf21fbb.jpg,normal,0.788
../data/mri_dataset_brain_cancer_oc/sans_label/317c9a6a-1657-4c88-9c01-fb2ea0863b01.jpg,cancer,0.792
../data/mri_dataset_brain_cancer_oc/sans_label/56dad7f7-9054-468b-9714-10589af74613.jpg,cancer,0.844
../data/mri_dataset_brain_cancer_oc/sans_label/a83813e8-550f-4510-999d-fd120608ada3.jpg,cancer,0.762
../data/mri_dataset_brain_cancer_oc/sans_label/cb6c7d10-bc8f-4c3c-aa6a-868b8897e4b4.jpg,cancer,0.85
../data/mri_dataset_brain_cancer_oc/sans_label/95ac01c6-796a-4d8b-aef7-ffd7183d08da.jpg,cancer,0.704
../data/mri_dataset_brain_cancer_oc/sans_label/4fc6fd73-542f-4f22-a4c1-db9804334e69.jpg,cancer,0.774
../data/mri_dataset_brain_cancer_oc/sans_label/f199a8c8-85b6-49f4-bebc-f5ba26ff7852.jpg,normal,0.704
../data/mri_dataset_brain_cancer_oc/sans_label/0b52ef0e-2a70-40c9-902d-2fd6ce8f37bf.jpg,cancer,0.716
../data/mri_dataset_brain_cancer_oc/sans_label/ff3d5248-a7a7-47f6-8fe4-a44a45af64f5.jpg,cancer,0.83
../data/mri_dataset_brain_cancer_oc/sans_label/679bb091-0f65-45dc-9947-9209c0e02c75.jpg,cancer,0.806
../data/mri_dataset_brain_cancer_oc/sans_label/11e90ad1-ddfd-4104-9776-db82c455b47c.jpg,cancer,0.734
../data/mri_dataset_brain_cancer_oc/sans_label/69bbe849-f752-4ee7-890f-6bbba6638e28.jpg,normal,0.802
../data/mri_dataset_brain_cancer_oc/sans_label/851ba783-ca6e-434f-a0d7-6bf1511f4658.jpg,cancer,0.828
../data/mri_dataset_brain_cancer_oc/sans_label/41360b65-66a4-47c0-a2c6-6db7bb2c6518.jpg,cancer,0.814
../data/mri_dataset_brain_cancer_oc/sans_label/f2e48e96-9d99-4e4c-a492-618674724d8d.jpg,cancer,0.808
../data/mri_dataset_brain_cancer_oc/sans_label/de13eaea-429f-4c54-b2f4-b7cf1300f44c.jpg,normal,0.77
../data/mri_dataset_brain_cancer_oc/sans_label/2150e80f-cc5c-4be3-a102-f288c418631c.jpg,cancer,0.804
../data/mri_dataset_brain_cancer_oc/sans_label/4de2f2d2-e55a-419f-9180-cb248afd5546.jpg,cancer,0.764
../data/mri_dataset_brain_cancer_oc/sans_label/1a3bf8e3-abb6-4200-b899-c756bee02d81.jpg,cancer,0.756
../data/mri_dataset_brain_cancer_oc/sans_label/2bc7df2a-1e79-4217-8c1d-8ed01ea05d34.jpg,normal,0.782
../data/mri_dataset_brain_cancer_oc/sans_label/85dfd9a7-ddb3-49a2-8090-954da201df89.jpg,cancer,0.88
../data/mri_dataset_brain_cancer_oc/sans_label/5ee07b35-5f1b-4871-986f-9890511a6459.jpg,normal,0.762
../data/mri_dataset_brain_cancer_oc/sans_label/68894621-bd4e-4ea1-92e4-049a42ea00d3.jpg,cancer,0.724
../data/mri_dataset_brain_cancer_oc/sans_label/21012c06-2739-4789-8c6c-7d9dd3a8c0c9.jpg,cancer,0.782
../data/mri_dataset_brain_cancer_oc/sans_label/c1031cf0-6eb2-4413-ae12-cc281fb560c5.jpg,normal,0.832
../data/mri_dataset_brain_cancer_oc/sans_label/1782f7fc-1cda-46c0-a644-e2d6d6ab8301.jpg,cancer,0.76
../data/mri_dataset_brain_cancer_oc/sans_label/36237878-c00d-4943-9ae5-66858bf5f88c.jpg,normal,0.878
../data/mri_dataset_brain_cancer_oc/sans_label/775a7d3f-98ab-4b64-a6fe-84e280a3480c.jpg,cancer,0.727152562105291
../data/mri_dataset_brain_cancer_oc/sans_label/9e156348-a54a-47bc-8da0-c7f8ab8dc6db.jpg,cancer,0.902
../data/mri_dataset_brain_cancer_oc/sans_label/40e7db67-c2e3-4f79-943d-d6ac5b35cf2e.jpg,normal,0.872
../data/mri_dataset_brain_cancer_oc/sans_label/c803aed7-757d-42f7-92ee-363b9dc79499.jpg,normal,0.8200000000000001
../data/mri_dataset_brain_cancer_oc/sans_label/0e429956-8bfe-4517-8fe8-be42f0eab341.jpg,cancer,0.808
../data/mri_dataset_brain_cancer_oc/sans_label/050d57f6-aebf-45d9-b4c5-045e92c9e88e.jpg,cancer,0.752
../data/mri_dataset_brain_cancer_oc/sans_label/37930978-9a33-452a-9f2b-514a882cfcb1.jpg,cancer,0.71
../data/mri_dataset_brain_cancer_oc/sans_label/111a5049-e459-445e-919c-28af38320bd1.jpg,cancer,0.774
../data/mri_dataset_brain_cancer_oc/sans_label/0d525cdf-aa38-4dd1-bc4b-df94ebdad32f.jpg,normal,0.746
../data/mri_dataset_brain_cancer_oc/sans_label/1be11da9-3864-4551-b6b3-e5a860d5bc3d.jpg,cancer,0.78
../data/mri_dataset_brain_cancer_oc/sans_label/6756262e-9803-41a3-97ed-89deab377693.jpg,cancer,0.774
../data/mri_dataset_brain_cancer_oc/sans_label/478a4925-c244-4ad7-9df0-a22840d9a508.jpg,cancer,0.718
../data/mri_dataset_brain_cancer_oc/sans_label/7342eecc-d717-4e59-92f9-b0d2df943564.jpg,cancer,0.756
../data/mri_dataset_brain_cancer_oc/sans_label/3d93aeef-b3f6-4b56-a9db-271eb2a012bf.jpg,cancer,0.87
../data/mri_dataset_brain_cancer_oc/sans_label/b9c3a1cf-596c-48f5-93a2-6b3df977067d.jpg,normal,0.842
../data/mri_dataset_brain_cancer_oc/sans_label/98d7592f-4da2-4888-97a9-34e488a387af.jpg,cancer,0.782
../data/mri_dataset_brain_cancer_oc/sans_label/bd43b263-5430-4c50-b685-afbed1f0a870.jpg,cancer,0.826
../data/mri_dataset_brain_cancer_oc/sans_label/6543f400-4a2f-4365-b36f-e6fecf3799d4.jpg,cancer,0.772
../data/mri_dataset_brain_cancer_oc/sans_label/6fc428c6-f8f7-441f-ae7f-5bb9f781427c.jpg,cancer,0.824
../data/mri_dataset_brain_cancer_oc/sans_label/02af8a8e-3c79-4a3c-8412-52f483eb9411.jpg,cancer,0.838
../data/mri_dataset_brain_cancer_oc/sans_label/1c33c5bf-5966-4745-9ba0-1b0b2e724c6f.jpg,cancer,0.814
../data/mri_dataset_brain_cancer_oc/sans_label/6aa09275-6dea-49aa-ac72-17be13b76fa5.jpg,cancer,0.848
../data/mri_dataset_brain_cancer_oc/sans_label/8c26875f-0282-44f9-9cc0-b8a7a9679098.jpg,cancer,0.712
../data/mri_dataset_brain_cancer_oc/sans_label/e1eb7488-1453-4ba7-b7ba-380a7821d501.jpg,cancer,0.716
../data/mri_dataset_brain_cancer_oc/sans_label/7679d4da-0ea0-419b-b948-05c360d205f6.jpg,cancer,0.7300239390148605
../data/mri_dataset_brain_cancer_oc/sans_label/ae204781-dfdd-42e3-add7-a3b4bd3e1d67.jpg,cancer,0.758
../data/mri_dataset_brain_cancer_oc/sans_label/7bbf0740-36f6-465d-bb85-15a87c6e29a9.jpg,cancer,0.7058495487600971
../data/mri_dataset_brain_cancer_oc/sans_label/59f4a53f-126b-4239-b6c4-7d352eec2ad5.jpg,cancer,0.798
../data/mri_dataset_brain_cancer_oc/sans_label/84e695d7-b3b6-4478-950b-8adb3128b4fb.jpg,normal,0.846
../data/mri_dataset_brain_cancer_oc/sans_label/a3337a5a-2572-42d5-b94d-737da22ff3a9.jpg,cancer,0.778
../data/mri_dataset_brain_cancer_oc/sans_label/cc16dfb4-6bd5-45ef-b9b9-53df49f47dc0.jpg,normal,0.8
../data/mri_dataset_brain_cancer_oc/sans_label/b88a3666-f80f-4dc9-9857-dd86a147610d.jpg,cancer,0.842
../data/mri_dataset_brain_cancer_oc/sans_label/ae12b9b6-c619-4272-8f67-e7f62d17adfc.jpg,cancer,0.78
../data/mri_dataset_brain_cancer_oc/sans_label/bfb57862-59ff-4192-9b27-cb09620612b4.jpg,normal,0.8140000000000001
../data/mri_dataset_brain_cancer_oc/sans_label/12098862-5468-4b73-b0ae-8c1708d0054f.jpg,cancer,0.828
../data/mri_dataset_brain_cancer_oc/sans_label/75023beb-d35c-4d49-a65c-db402532043d.jpg,cancer,0.738
../data/mri_dataset_brain_cancer_oc/sans_label/0e330b05-12c4-46f5-bcc8-edde0faa0b9e.jpg,cancer,0.87
../data/mri_dataset_brain_cancer_oc/sans_label/9f4332e0-5d98-4ce4-8ce5-c713eacc0081.jpg,cancer,0.762
../data/mri_dataset_brain_cancer_oc/sans_label/e958d39e-701e-4744-96a1-8916338904d7.jpg,cancer,0.726
../data/mri_dataset_brain_cancer_oc/sans_label/ac1b0ef1-5707-46b7-a97a-5312e76ce70b.jpg,cancer,0.832
../data/mri_dataset_brain_cancer_oc/sans_label/bbd58dd2-cbac-4bde-8237-53318d52c369.jpg,normal,0.88
../data/mri_dataset_brain_cancer_oc/sans_label/e0f9dcd2-d272-402f-bf67-835a41703e13.jpg,cancer,0.744
../data/mri_dataset_brain_cancer_oc/sans_label/b187d364-3687-4b99-833a-c1e0c72a1553.jpg,cancer,0.822
../data/mri_dataset_brain_cancer_oc/sans_label/101076bc-091a-49ae-bd72-2ca97933f5a9.jpg,cancer,0.736
../data/mri_dataset_brain_cancer_oc/sans_label/72d3d361-d735-460b-baa5-97c6c5a089c8.jpg,cancer,0.72
../data/mri_dataset_brain_cancer_oc/sans_label/992ac932-5fd5-46bd-8587-9f8ce8004765.jpg,cancer,0.746
../data/mri_dataset_brain_cancer_oc/sans_label/ab0cb281-58e7-401e-aff2-dcdc6dfe5d59.jpg,cancer,0.836
../data/mri_dataset_brain_cancer_oc/sans_label/e7105e28-cf5d-4fd4-82ab-e5a70966436c.jpg,cancer,0.776
../data/mri_dataset_brain_cancer_oc/sans_label/0526db38-5dff-48c0-b682-0c4ae12fc125.jpg,cancer,0.75
../data/mri_dataset_brain_cancer_oc/sans_label/009eac4a-c951-4da9-852a-b32e9ce20c6e.jpg,cancer,0.708
../data/mri_dataset_brain_cancer_oc/sans_label/edb3ee76-6415-4115-b3de-2968b0be5006.jpg,normal,0.806
../data/mri_dataset_brain_cancer_oc/sans_label/921c9dea-28b4-48b6-bc28-111bc8d97291.jpg,cancer,0.76
../data/mri_dataset_brain_cancer_oc/sans_label/fe4fdff6-284e-41f9-a55d-81725888b3df.jpg,cancer,0.84
../data/mri_dataset_brain_cancer_oc/sans_label/b8b5d78a-1554-4094-bbdb-437564558675.jpg,normal,0.898
../data/mri_dataset_brain_cancer_oc/sans_label/5795682e-91f2-4aa7-917a-55b589fda78b.jpg,cancer,0.754
../data/mri_dataset_brain_cancer_oc/sans_label/d49fa95c-5618-4044-a9f8-8951b53159cb.jpg,cancer,0.7
../data/mri_dataset_brain_cancer_oc/sans_label/7b9cfe10-9b62-43d7-8975-6e0aed816a9b.jpg,cancer,0.764
../data/mri_dataset_brain_cancer_oc/sans_label/dc1bf07f-df38-49bf-8310-af79d9ccf51c.jpg,cancer,0.802
../data/mri_dataset_brain_cancer_oc/sans_label/aa6adb98-0db9-490e-8c82-f8f1542ad0f3.jpg,cancer,0.712
../data/mri_dataset_brain_cancer_oc/sans_label/a6a3b83f-47e0-499f-b71f-8d495ec1c17f.jpg,cancer,0.716
../data/mri_dataset_brain_cancer_oc/sans_label/5cd3ab20-9d14-41b8-a8f6-6a4656ff6037.jpg,cancer,0.746
../data/mri_dataset_brain_cancer_oc/sans_label/eec0feb3-3b9f-44d7-9ac0-b214a43c45de.jpg,cancer,0.764
../data/mri_dataset_brain_cancer_oc/sans_label/2c6c06be-eb1f-464a-88f8-6f6ad0f639f2.jpg,cancer,0.798
../data/mri_dataset_brain_cancer_oc/sans_label/0ccc544b-06cd-4130-9864-0a94a632093b.jpg,cancer,0.706
../data/mri_dataset_brain_cancer_oc/sans_label/95f9cab6-25fa-4b75-a824-d41b9e13bd61.jpg,cancer,0.796
../data/mri_dataset_brain_cancer_oc/sans_label/98a27014-e5ce-4fee-a65f-1b24a24a803e.jpg,cancer,0.808
../data/mri_dataset_brain_cancer_oc/sans_label/864095dd-21ec-49e6-8d1b-63a01e980a4e.jpg,cancer,0.734
../data/mri_dataset_brain_cancer_oc/sans_label/e676b449-e191-429e-bd03-d5488754a242.jpg,cancer,0.762
../data/mri_dataset_brain_cancer_oc/sans_label/cd80f16b-58b8-46a4-bb62-c5040bf63eeb.jpg,normal,0.846
../data/mri_dataset_brain_cancer_oc/sans_label/694f4feb-433e-458a-8112-64c143ad8193.jpg,cancer,0.758
../data/mri_dataset_brain_cancer_oc/sans_label/977aebd7-dd30-49b0-9a22-51a3dcaf0cb1.jpg,cancer,0.736
../data/mri_dataset_brain_cancer_oc/sans_label/f7ae44c4-0045-4695-902e-2077b250d949.jpg,cancer,0.74
../data/mri_dataset_brain_cancer_oc/sans_label/e50940e5-a20a-4eb7-8c06-cb77a0123158.jpg,cancer,0.786
../data/mri_dataset_brain_cancer_oc/sans_label/4212e469-4106-4e65-bd52-814351f05619.jpg,cancer,0.738
../data/mri_dataset_brain_cancer_oc/sans_label/8e403e4c-9a8d-4dc8-8892-f692aec2e765.jpg,cancer,0.754
../data/mri_dataset_brain_cancer_oc/sans_label/26677725-4da4-4321-866b-63a12675640b.jpg,cancer,0.822
../data/mri_dataset_brain_cancer_oc/sans_label/bb2e08a6-de1e-4098-898d-09bc50cfb2d6.jpg,cancer,0.78
../data/mri_dataset_brain_cancer_oc/sans_label/00366e8d-5520-4d3c-a70b-91a7eec1f521.jpg,cancer,0.77
../data/mri_dataset_brain_cancer_oc/sans_label/b9a10b26-a2f4-409c-86af-7a8e32034822.jpg,normal,0.768
../data/mri_dataset_brain_cancer_oc/sans_label/e29b6621-61bd-41cb-9039-8ba0748c77cc.jpg,cancer,0.758
../data/mri_dataset_brain_cancer_oc/sans_label/f1c3b35d-c786-4675-a685-8801b87bbf20.jpg,cancer,0.746
../data/mri_dataset_brain_cancer_oc/sans_label/13eb3ad4-a065-4e25-888f-b125463dba24.jpg,cancer,0.7
../data/mri_dataset_brain_cancer_oc/sans_label/89503f10-1f72-4fec-8769-2347375e9b36.jpg,cancer,0.822
../data/mri_dataset_brain_cancer_oc/sans_label/0c0e7e81-ea8a-4854-901e-bf26be7514a0.jpg,cancer,0.768
../data/mri_dataset_brain_cancer_oc/sans_label/2d1efda4-14be-478c-922e-4949e3580eb4.jpg,normal,0.9359999999999999
../data/mri_dataset_brain_cancer_oc/sans_label/aa237812-9888-464b-8331-cc9b67fc76d4.jpg,cancer,0.826
../data/mri_dataset_brain_cancer_oc/sans_label/278518df-2894-4e70-8a6f-96d47064ee24.jpg,cancer,0.74
../data/mri_dataset_brain_cancer_oc/sans_label/5068407e-c4f6-4d77-9a17-eb936200b368.jpg,cancer,0.892
../data/mri_dataset_brain_cancer_oc/sans_label/3321576b-367a-4938-8d64-67e51250b119.jpg,cancer,0.778
