chemin,pseudo_label_candidat,confiance_min,accord_3_modeles
../data/mri_dataset_brain_cancer_oc/sans_label/1e88fb67-f3b6-4cd1-a6c0-70ec6c6c3b1e.jpg,normal,0.5,False
../data/mri_dataset_brain_cancer_oc/sans_label/1ca0593f-48ae-478a-b80e-6c70b5fc180c.jpg,normal,0.5,False
../data/mri_dataset_brain_cancer_oc/sans_label/9e6efb0c-a87a-4c26-bcc0-263957bee67b.jpg,normal,0.502,False
../data/mri_dataset_brain_cancer_oc/sans_label/72da5ddd-59cb-48b1-b6f2-28251f644d68.jpg,normal,0.502,False
../data/mri_dataset_brain_cancer_oc/sans_label/8ad33b63-716b-44fd-b0d4-6024718a408f.jpg,normal,0.504,False
../data/mri_dataset_brain_cancer_oc/sans_label/dc7d9dff-d4c3-40a9-b395-241a0b78ac0a.jpg,normal,0.504,False
../data/mri_dataset_brain_cancer_oc/sans_label/322e02de-5c43-40b3-ba94-1c8992d000a9.jpg,normal,0.5060258049909069,False
../data/mri_dataset_brain_cancer_oc/sans_label/d72ef72f-db7a-4581-ad4e-b86cd54f8b6c.jpg,cancer,0.5070215509972584,False
../data/mri_dataset_brain_cancer_oc/sans_label/68c5d327-c169-40d6-b3e6-f0e2f1b3d61b.jpg,cancer,0.5078839793532589,False
../data/mri_dataset_brain_cancer_oc/sans_label/5678f634-63d9-4f7a-8d1e-a5d05a324747.jpg,cancer,0.508,False
../data/mri_dataset_brain_cancer_oc/sans_label/79719c62-efcc-4dcb-b6e3-e4112378795e.jpg,normal,0.508,False
../data/mri_dataset_brain_cancer_oc/sans_label/5e06645e-7143-415b-9489-eb075330037a.jpg,normal,0.5095734913513053,False
../data/mri_dataset_brain_cancer_oc/sans_label/1b9cf459-c862-4782-9464-49f0a37a484d.jpg,normal,0.51,False
../data/mri_dataset_brain_cancer_oc/sans_label/5161b562-dee2-4274-bfa3-71ee764d2f3a.jpg,cancer,0.5107945006797946,False
../data/mri_dataset_brain_cancer_oc/sans_label/ed723d8e-2323-4570-87a3-938e3e1c3a32.jpg,normal,0.512,False
../data/mri_dataset_brain_cancer_oc/sans_label/69abbee9-403a-4850-84e6-d7817ea07054.jpg,normal,0.514,False
../data/mri_dataset_brain_cancer_oc/sans_label/d725d761-4d3e-462e-a0e6-8d86aac7930b.jpg,cancer,0.514,False
../data/mri_dataset_brain_cancer_oc/sans_label/1cbec944-70f1-415e-a62d-192ca92c0cf9.jpg,cancer,0.5171029326935379,False
../data/mri_dataset_brain_cancer_oc/sans_label/aa461b31-5cc7-4dbf-9519-24197370f2b2.jpg,normal,0.518,False
../data/mri_dataset_brain_cancer_oc/sans_label/5cab86f2-5334-48fa-89b8-29ec76dc8e0e.jpg,normal,0.518,False
../data/mri_dataset_brain_cancer_oc/sans_label/0cca1e2e-17f6-4f0d-a3f6-c2af1ca03d8a.jpg,normal,0.521106630570518,False
../data/mri_dataset_brain_cancer_oc/sans_label/aead6025-7446-4bca-b635-12e9ad466fe3.jpg,cancer,0.5215591256661366,False
../data/mri_dataset_brain_cancer_oc/sans_label/e70d0fb8-18b5-4d81-9e36-770a43ff8bc0.jpg,normal,0.522,False
../data/mri_dataset_brain_cancer_oc/sans_label/82903e03-950e-4a82-acde-768e5604b1d2.jpg,cancer,0.522,False
../data/mri_dataset_brain_cancer_oc/sans_label/fc82dbe0-6824-4ac8-a4a0-612f5ea53a98.jpg,normal,0.5224048091197704,False
../data/mri_dataset_brain_cancer_oc/sans_label/64621ec7-b7c0-49ab-80d4-effba160d22c.jpg,normal,0.522419784759097,False
../data/mri_dataset_brain_cancer_oc/sans_label/9e3c9103-8fa7-4fa6-b253-30babf2718fc.jpg,normal,0.5233238518738006,False
../data/mri_dataset_brain_cancer_oc/sans_label/f0b03911-2262-43b9-9e50-30a1bf93f2e0.jpg,normal,0.5235232003911406,False
../data/mri_dataset_brain_cancer_oc/sans_label/ea0f9b11-26a3-4c46-b323-81010860c9b1.jpg,normal,0.524,False
../data/mri_dataset_brain_cancer_oc/sans_label/2fac4138-8d2b-45bb-811b-0f0890b0af58.jpg,normal,0.524812434742046,False
../data/mri_dataset_brain_cancer_oc/sans_label/a6e0f28f-6638-4af9-bd2e-2dc8816a7971.jpg,normal,0.526,False
../data/mri_dataset_brain_cancer_oc/sans_label/6b4861c4-0479-49a9-8022-4de4fd6ced6e.jpg,cancer,0.5267880781560964,False
../data/mri_dataset_brain_cancer_oc/sans_label/df1daf0e-8da4-4cb2-b0d9-b539980d292b.jpg,cancer,0.528,False
../data/mri_dataset_brain_cancer_oc/sans_label/11f03e5d-e170-46cd-a732-e0a47e31ddd0.jpg,normal,0.528,False
../data/mri_dataset_brain_cancer_oc/sans_label/4c7dd03b-a2d7-4008-9f72-b62d0f958e63.jpg,cancer,0.53,False
../data/mri_dataset_brain_cancer_oc/sans_label/a2662c2f-32e2-490d-aece-f0aab3577c95.jpg,cancer,0.53,False
../data/mri_dataset_brain_cancer_oc/sans_label/281e0073-c700-4afe-80a6-560e62e13c9a.jpg,cancer,0.53,False
../data/mri_dataset_brain_cancer_oc/sans_label/b86b9957-2c27-46b3-a81d-67a7d0dca889.jpg,normal,0.53,False
../data/mri_dataset_brain_cancer_oc/sans_label/ea1df053-c052-4e74-a728-af2a197589b8.jpg,normal,0.5314304247544002,False
../data/mri_dataset_brain_cancer_oc/sans_label/6f8b8969-a7da-4427-b0de-381f8bba0392.jpg,normal,0.532,False
../data/mri_dataset_brain_cancer_oc/sans_label/4e3b417f-147f-4fe8-8539-e21bdf25ae7c.jpg,normal,0.532,False
../data/mri_dataset_brain_cancer_oc/sans_label/dd1afec0-2697-45b5-a0f2-e4e26acfce72.jpg,normal,0.536,False
../data/mri_dataset_brain_cancer_oc/sans_label/0c2d6a27-24c2-43ff-9743-f080dca7d2aa.jpg,cancer,0.536,False
../data/mri_dataset_brain_cancer_oc/sans_label/6b28f672-9bbc-4716-98bc-ceae9b69fb7f.jpg,cancer,0.536,False
../data/mri_dataset_brain_cancer_oc/sans_label/a526c83b-fb91-497a-aded-94e0c8f5a352.jpg,cancer,0.5372838997558669,False
../data/mri_dataset_brain_cancer_oc/sans_label/bc0d40fa-a3fa-441b-bc86-b54ce94e2d7a.jpg,cancer,0.5373590825763698,False
../data/mri_dataset_brain_cancer_oc/sans_label/e69bc3be-ff42-4189-b00a-bc077cf2a284.jpg,cancer,0.5388335599058086,False
../data/mri_dataset_brain_cancer_oc/sans_label/438833fd-6e2c-4a08-915e-dd984764fa0e.jpg,cancer,0.5413732780475978,False
../data/mri_dataset_brain_cancer_oc/sans_label/0a82d661-71fa-4297-a271-e0f105fb5493.jpg,cancer,0.542,False
../data/mri_dataset_brain_cancer_oc/sans_label/a506ca92-55af-4bb7-a08e-0680c32a0204.jpg,normal,0.542,False
../data/mri_dataset_brain_cancer_oc/sans_label/fac74fac-c0ed-45d1-853a-482ac8bf14f9.jpg,normal,0.544,False
../data/mri_dataset_brain_cancer_oc/sans_label/2a1ec20f-9ca1-4804-b5cf-301be078be80.jpg,cancer,0.544,False
../data/mri_dataset_brain_cancer_oc/sans_label/12067690-f1f6-4efc-b570-afc510336f10.jpg,normal,0.55,False
../data/mri_dataset_brain_cancer_oc/sans_label/f4047893-67fd-4a03-b0b6-dd7ecde83e41.jpg,cancer,0.5511198305589144,False
../data/mri_dataset_brain_cancer_oc/sans_label/7afb826f-4af1-4221-88ab-35830086a5df.jpg,cancer,0.552,False
../data/mri_dataset_brain_cancer_oc/sans_label/448dad51-615d-4a17-84bc-588412fb79f4.jpg,normal,0.552,False
../data/mri_dataset_brain_cancer_oc/sans_label/c849d1d1-4c2e-4724-a671-3f6d42f77bfa.jpg,normal,0.552,False
../data/mri_dataset_brain_cancer_oc/sans_label/9529bbba-150f-43eb-b28a-e80894439090.jpg,cancer,0.5528158172417199,False
../data/mri_dataset_brain_cancer_oc/sans_label/d13b0b94-56e2-42b4-ba15-118e88182695.jpg,cancer,0.554,False
../data/mri_dataset_brain_cancer_oc/sans_label/1890fd3b-fbd5-49e8-86d8-ffedb7e73814.jpg,normal,0.556,False
../data/mri_dataset_brain_cancer_oc/sans_label/fa19fe6b-0859-4a56-94dd-62c88812fd23.jpg,cancer,0.5573841522968229,False
../data/mri_dataset_brain_cancer_oc/sans_label/2912ea6b-9800-49be-95bf-43b21cc4d196.jpg,cancer,0.5577354031365717,False
../data/mri_dataset_brain_cancer_oc/sans_label/f7227dc6-cfd1-486b-a85f-9a9ec21766f3.jpg,normal,0.5579852139819061,False
../data/mri_dataset_brain_cancer_oc/sans_label/eb986a31-64da-4e15-8246-16f8f6668649.jpg,normal,0.558,False
../data/mri_dataset_brain_cancer_oc/sans_label/03bd85ef-651a-4f93-8569-786dbfd37965.jpg,cancer,0.56,False
../data/mri_dataset_brain_cancer_oc/sans_label/3bf6c1a5-f039-4408-8034-4c575ab55e7b.jpg,normal,0.56,False
../data/mri_dataset_brain_cancer_oc/sans_label/5df0a274-ccd4-4403-ac8c-453f51ffeedc.jpg,cancer,0.562,False
../data/mri_dataset_brain_cancer_oc/sans_label/8e081513-46fe-441d-b4a0-54d770656a08.jpg,cancer,0.564,False
../data/mri_dataset_brain_cancer_oc/sans_label/be754d13-4280-4fde-a6f1-cd8b899bd71a.jpg,cancer,0.566,False
../data/mri_dataset_brain_cancer_oc/sans_label/aa5fc6b7-117f-4ee3-a003-5cf4fe092ae8.jpg,cancer,0.5679593686132873,False
../data/mri_dataset_brain_cancer_oc/sans_label/8495307e-e6a0-491e-a810-cca61958f4b2.jpg,normal,0.57,False
../data/mri_dataset_brain_cancer_oc/sans_label/df9ced05-9dc8-4d23-9b5b-ba587bd8d732.jpg,normal,0.572,False
../data/mri_dataset_brain_cancer_oc/sans_label/ee966356-43c4-4f71-9de8-6e958eda1667.jpg,normal,0.572,False
../data/mri_dataset_brain_cancer_oc/sans_label/de57e8f2-a210-4d05-bd94-bc19109592ac.jpg,cancer,0.5732705485196371,False
../data/mri_dataset_brain_cancer_oc/sans_label/9b2736c3-5b1b-45fd-ba9b-b1b64228e999.jpg,cancer,0.5738008633380484,False
../data/mri_dataset_brain_cancer_oc/sans_label/4f57aa56-f70c-40b1-bf05-e8b4b5a96665.jpg,normal,0.574,False
../data/mri_dataset_brain_cancer_oc/sans_label/5e0830ef-ca21-4640-9a17-5e696db5efa6.jpg,cancer,0.578,False
../data/mri_dataset_brain_cancer_oc/sans_label/1eb51839-c8dc-4410-a22f-548285e2ecdf.jpg,cancer,0.578,False
../data/mri_dataset_brain_cancer_oc/sans_label/4a84d005-84db-4ce5-81c1-ef1b39b9c219.jpg,cancer,0.5801565267295509,False
../data/mri_dataset_brain_cancer_oc/sans_label/141ef676-419a-4247-af1b-b5635821ba29.jpg,cancer,0.582,False
../data/mri_dataset_brain_cancer_oc/sans_label/57b499f8-f04b-4c6c-96ee-1ebf4eba5f12.jpg,cancer,0.584,False
../data/mri_dataset_brain_cancer_oc/sans_label/2376fe70-b559-4581-bb79-205dc68cb714.jpg,cancer,0.584,False
../data/mri_dataset_brain_cancer_oc/sans_label/6d6fe912-d114-48cd-8287-38fe3f715317.jpg,cancer,0.5859504216416006,False
../data/mri_dataset_brain_cancer_oc/sans_label/f7bd52a1-eeaf-4480-a85c-53bdaf755cff.jpg,cancer,0.586,False
../data/mri_dataset_brain_cancer_oc/sans_label/f9d0f331-0474-44b7-b06d-adebdf1b0d5b.jpg,cancer,0.586,False
../data/mri_dataset_brain_cancer_oc/sans_label/92100fd8-bdbd-49a3-bf65-3f66201a4f35.jpg,cancer,0.5871871954047488,False
../data/mri_dataset_brain_cancer_oc/sans_label/ec607df6-c21e-47c3-a8bd-bf381690cb7e.jpg,cancer,0.5885423270276497,False
../data/mri_dataset_brain_cancer_oc/sans_label/fe4454fb-f164-40a8-b7ec-dca240430694.jpg,cancer,0.59,False
../data/mri_dataset_brain_cancer_oc/sans_label/1e07b53a-7dff-496f-8e56-9ffbda1f3062.jpg,cancer,0.592,False
../data/mri_dataset_brain_cancer_oc/sans_label/b0f30a6c-a9d6-4918-8b79-d824fd5c5156.jpg,cancer,0.592,False
../data/mri_dataset_brain_cancer_oc/sans_label/d01ff5af-6826-4ccd-96d0-23ba9c87fece.jpg,normal,0.5921976106686111,False
../data/mri_dataset_brain_cancer_oc/sans_label/2430d4d6-160d-4b17-b479-6ba9a4181379.jpg,cancer,0.594,False
../data/mri_dataset_brain_cancer_oc/sans_label/55e65112-e914-4360-a2cb-3245bb02005a.jpg,cancer,0.5948684287781035,False
../data/mri_dataset_brain_cancer_oc/sans_label/f1917d55-39f9-4ed9-9e49-f65c7b15a875.jpg,cancer,0.5952649363250505,False
../data/mri_dataset_brain_cancer_oc/sans_label/611cdb80-2293-4ba6-8b32-7d2943a1bb17.jpg,cancer,0.596,False
../data/mri_dataset_brain_cancer_oc/sans_label/b46cabf0-ee01-4350-a395-b6f3f7965550.jpg,cancer,0.5972354657799285,False
../data/mri_dataset_brain_cancer_oc/sans_label/6088b0d9-038a-4ad4-9f1d-24c6ecc01080.jpg,cancer,0.598,False
../data/mri_dataset_brain_cancer_oc/sans_label/b653d469-6c8e-4ff9-b584-f0bb3c6de2f7.jpg,cancer,0.6,False
../data/mri_dataset_brain_cancer_oc/sans_label/11c78766-42e7-4fd3-b335-ec952c7825a3.jpg,cancer,0.602,False
../data/mri_dataset_brain_cancer_oc/sans_label/c7173cc9-2971-4803-9490-9d43481b70e4.jpg,cancer,0.602,False
../data/mri_dataset_brain_cancer_oc/sans_label/533b4415-879e-490c-b039-eb272938ba83.jpg,cancer,0.602,False
../data/mri_dataset_brain_cancer_oc/sans_label/57e77227-39fe-4d00-9419-a6cbdbc33e16.jpg,cancer,0.606,False
../data/mri_dataset_brain_cancer_oc/sans_label/06c78a2d-9a5c-4249-b2ea-a4b267021c70.jpg,cancer,0.6065169205301605,False
../data/mri_dataset_brain_cancer_oc/sans_label/4f5106a7-6369-43e6-88d8-d751965465ab.jpg,cancer,0.6066157935688682,False
../data/mri_dataset_brain_cancer_oc/sans_label/4545f8d2-4fb5-49c2-bb0d-eb2d5372e1f6.jpg,cancer,0.6092029130036645,False
../data/mri_dataset_brain_cancer_oc/sans_label/31cb7436-c933-4e01-a60a-d8e7ede8fe68.jpg,cancer,0.61,False
../data/mri_dataset_brain_cancer_oc/sans_label/227fd1b8-0717-4aad-839f-606c00e59b2c.jpg,cancer,0.61,False
../data/mri_dataset_brain_cancer_oc/sans_label/c50d1338-01bb-4862-aa2e-b4e009052b7b.jpg,cancer,0.6101381214891911,False
../data/mri_dataset_brain_cancer_oc/sans_label/ae368c7a-7dda-438c-ba8e-95be6df4180c.jpg,cancer,0.612,False
../data/mri_dataset_brain_cancer_oc/sans_label/f525c3c4-ade2-4726-916e-25b8e7a78ed3.jpg,cancer,0.6153352352263085,False
../data/mri_dataset_brain_cancer_oc/sans_label/c916fc23-28a8-46cd-baae-ba91c6413489.jpg,cancer,0.616,False
../data/mri_dataset_brain_cancer_oc/sans_label/96cbfc60-f9bc-46ca-846d-520ff6478db4.jpg,cancer,0.618,False
../data/mri_dataset_brain_cancer_oc/sans_label/56839f79-a382-40e1-854d-312d7e2e7c11.jpg,cancer,0.618,False
../data/mri_dataset_brain_cancer_oc/sans_label/096ae32e-065a-4a00-959a-e63b1b5c77d6.jpg,cancer,0.6233685127544801,False
../data/mri_dataset_brain_cancer_oc/sans_label/5f4659b2-668e-4f60-829f-b8157dcc15fd.jpg,cancer,0.626,False
../data/mri_dataset_brain_cancer_oc/sans_label/f9aed2f0-899f-4bc9-b915-85401fa29062.jpg,cancer,0.626,False
../data/mri_dataset_brain_cancer_oc/sans_label/52d8deef-b6a8-4772-8a02-be9a7f6b3741.jpg,cancer,0.6280793283683926,False
../data/mri_dataset_brain_cancer_oc/sans_label/74bd7e63-eb92-466d-9f81-e869f135e582.jpg,cancer,0.632,False
../data/mri_dataset_brain_cancer_oc/sans_label/a766a6c1-a58d-4e3e-a88d-dacbbb7fe49f.jpg,cancer,0.632,False
../data/mri_dataset_brain_cancer_oc/sans_label/53e9498b-de30-45f9-9653-768b3838b364.jpg,cancer,0.632,False
../data/mri_dataset_brain_cancer_oc/sans_label/356e6bfb-7450-4b8c-bbcd-a249aff5df0b.jpg,cancer,0.6323601168635992,False
../data/mri_dataset_brain_cancer_oc/sans_label/5a3b10ea-d871-4565-ab46-604e9903f3ee.jpg,cancer,0.633642453817576,False
../data/mri_dataset_brain_cancer_oc/sans_label/189fe672-dc1c-48b9-a4e7-aaa7ebee30f3.jpg,cancer,0.634,False
../data/mri_dataset_brain_cancer_oc/sans_label/c985dd7a-d3de-4c84-9266-953a930bd722.jpg,cancer,0.634,False
../data/mri_dataset_brain_cancer_oc/sans_label/bc95a8de-6cba-4948-8a6b-0a0f42e570aa.jpg,cancer,0.634,False
../data/mri_dataset_brain_cancer_oc/sans_label/bdb59569-ecb6-4ea4-8b48-7bbe75775ca4.jpg,cancer,0.64,False
../data/mri_dataset_brain_cancer_oc/sans_label/acb02192-02e1-437d-8c18-caee543a6a91.jpg,normal,0.6417577196576596,False
../data/mri_dataset_brain_cancer_oc/sans_label/7d566399-8a85-4fec-bb32-00e5bb3101ac.jpg,cancer,0.642,False
../data/mri_dataset_brain_cancer_oc/sans_label/7eefa981-4ca0-4fb1-b10c-ebb49db25b09.jpg,cancer,0.646,False
../data/mri_dataset_brain_cancer_oc/sans_label/ca1f5dd4-ad42-49c5-825e-403288d98532.jpg,cancer,0.648,False
../data/mri_dataset_brain_cancer_oc/sans_label/aff26bce-b891-41bc-9ee6-b296d8b76f59.jpg,cancer,0.65,False
../data/mri_dataset_brain_cancer_oc/sans_label/ae976992-00db-4566-8edd-e0813aecbdbf.jpg,cancer,0.652,False
../data/mri_dataset_brain_cancer_oc/sans_label/66c8ed25-12ad-4966-a78e-e03e2f2d1052.jpg,cancer,0.6524020829520645,False
../data/mri_dataset_brain_cancer_oc/sans_label/ef7ead73-4d2a-4c20-a056-5ded13f40bfd.jpg,cancer,0.654,False
../data/mri_dataset_brain_cancer_oc/sans_label/1f3e3789-04a9-4350-8b79-69adf73ce077.jpg,cancer,0.656,False
../data/mri_dataset_brain_cancer_oc/sans_label/01d1f0ed-5070-45a8-ad26-f8a95ebec98d.jpg,cancer,0.656,False
../data/mri_dataset_brain_cancer_oc/sans_label/59012ec2-6d1a-49b9-b7d2-91095e72f177.jpg,cancer,0.656,False
../data/mri_dataset_brain_cancer_oc/sans_label/c5dbb237-8720-48a0-8413-b4659a622100.jpg,cancer,0.66,False
../data/mri_dataset_brain_cancer_oc/sans_label/7288246b-195b-43ba-856b-0828c6a4909c.jpg,cancer,0.66,False
../data/mri_dataset_brain_cancer_oc/sans_label/61e529cd-243c-41a1-aab7-ad06eb8281bf.jpg,cancer,0.662,False
../data/mri_dataset_brain_cancer_oc/sans_label/bfbbb8e6-e856-4b37-a623-adc115a549d7.jpg,cancer,0.6636548322658645,False
../data/mri_dataset_brain_cancer_oc/sans_label/96dbf0e7-2219-4a39-b4f0-c6b8eab1f833.jpg,cancer,0.664,False
../data/mri_dataset_brain_cancer_oc/sans_label/f20fb1f7-b654-4f7e-81d9-6ffa24df7d19.jpg,cancer,0.668,False
../data/mri_dataset_brain_cancer_oc/sans_label/74b5792b-eaec-4c55-9826-fdcd98797ba0.jpg,cancer,0.6703386859661025,False
../data/mri_dataset_brain_cancer_oc/sans_label/1f43b1d5-d6fb-4da9-b952-153230b3d786.jpg,cancer,0.672,False
../data/mri_dataset_brain_cancer_oc/sans_label/a399a471-fd58-48b0-82a3-5eed99068570.jpg,cancer,0.672,False
../data/mri_dataset_brain_cancer_oc/sans_label/6bca183b-0362-40b7-9a0e-e87b8bf3f613.jpg,cancer,0.6740455447342053,False
../data/mri_dataset_brain_cancer_oc/sans_label/473788b6-9e8e-449e-82fe-c4f75c13ad96.jpg,cancer,0.6748692162882517,False
../data/mri_dataset_brain_cancer_oc/sans_label/2c2f3300-5848-4b58-a872-b46d7f8c9833.jpg,cancer,0.676,False
../data/mri_dataset_brain_cancer_oc/sans_label/31e15e3c-5481-462d-99cb-29091c42cab8.jpg,cancer,0.676,False
../data/mri_dataset_brain_cancer_oc/sans_label/0ff7db8a-f8c2-4038-ab40-1d21295598dd.jpg,cancer,0.68,False
../data/mri_dataset_brain_cancer_oc/sans_label/33a155f9-8a6b-44fc-a8ae-7113b07b8f91.jpg,cancer,0.68,False
../data/mri_dataset_brain_cancer_oc/sans_label/5c9fe812-4d0a-4c85-b58a-e2e47b731aec.jpg,cancer,0.688255883622818,False
../data/mri_dataset_brain_cancer_oc/sans_label/ed88b81e-bd84-4048-a38a-a59259f51dc2.jpg,cancer,0.69,False
../data/mri_dataset_brain_cancer_oc/sans_label/f5e0d8e5-d8be-4308-9584-808d88d6ae98.jpg,cancer,0.6924996393722969,False
../data/mri_dataset_brain_cancer_oc/sans_label/fb656613-7355-4508-ba32-7a633b9f3397.jpg,cancer,0.694,False
../data/mri_dataset_brain_cancer_oc/sans_label/d78d1699-60a9-4e5c-9e62-891e750cbab2.jpg,cancer,0.698,False
../data/mri_dataset_brain_cancer_oc/sans_label/6c2fefb9-b272-4ac9-ad8a-9ff7392fff20.jpg,cancer,0.708,False
../data/mri_dataset_brain_cancer_oc/sans_label/9d34d3c6-d14d-4c5d-b2dd-6798af15e3a1.jpg,cancer,0.708,False
../data/mri_dataset_brain_cancer_oc/sans_label/0e50ebae-64c8-4178-bca4-de37b348acdf.jpg,cancer,0.71,False
../data/mri_dataset_brain_cancer_oc/sans_label/ee6a4eb1-2297-45aa-a9d6-706a9dc84004.jpg,cancer,0.714,False
../data/mri_dataset_brain_cancer_oc/sans_label/363de948-eb0e-44f4-91dd-c2dc770cd908.jpg,cancer,0.714,False
../data/mri_dataset_brain_cancer_oc/sans_label/b84b03dd-e7ef-4279-b16e-8d15ed3dcf8d.jpg,cancer,0.728,False
../data/mri_dataset_brain_cancer_oc/sans_label/4dea203c-6caf-4232-a8d8-af8b1eb5b286.jpg,cancer,0.728,False
../data/mri_dataset_brain_cancer_oc/sans_label/8b9372c0-1cc2-4d55-b4cd-53cc82184050.jpg,cancer,0.768,False
../data/mri_dataset_brain_cancer_oc/sans_label/f4067a4d-8d5b-4823-9a3f-741fafc822c2.jpg,cancer,0.7750606325922226,False
../data/mri_dataset_brain_cancer_oc/sans_label/176911ef-fb4a-4bd2-b480-df63e7ef8ea7.jpg,normal,0.5,True
../data/mri_dataset_brain_cancer_oc/sans_label/27d67b82-affc-4e61-862d-6e2945bede3c.jpg,normal,0.5,True
../data/mri_dataset_brain_cancer_oc/sans_label/1ddf5fa5-9379-423f-b599-cd9c7e6aa42c.jpg,cancer,0.5005786239614749,True
../data/mri_dataset_brain_cancer_oc/sans_label/0d0ce970-cc7f-4ce2-8e42-65e259b5d2f7.jpg,normal,0.502,True
../data/mri_dataset_brain_cancer_oc/sans_label/c75f863f-2106-4c73-bc21-1730b4399373.jpg,normal,0.502,True
../data/mri_dataset_brain_cancer_oc/sans_label/2f4afc63-e538-4ff1-9171-cfec5ea3ac60.jpg,normal,0.504,True
../data/mri_dataset_brain_cancer_oc/sans_label/f2dd3eb8-320d-4e4a-b6d3-f76642ac654d.jpg,cancer,0.506,True
../data/mri_dataset_brain_cancer_oc/sans_label/ababc0c0-83f6-4a4a-93c6-ecc9600659f8.jpg,normal,0.508,True
../data/mri_dataset_brain_cancer_oc/sans_label/84edcdd6-224b-409c-a4f2-57754d14c097.jpg,normal,0.51,True
../data/mri_dataset_brain_cancer_oc/sans_label/8694ce78-284d-4e82-8c9e-9f90d1efd760.jpg,normal,0.51,True
../data/mri_dataset_brain_cancer_oc/sans_label/34540c92-4a23-4cfd-98ad-f3c6b3945f4d.jpg,cancer,0.5118176548216404,True
../data/mri_dataset_brain_cancer_oc/sans_label/7c7b10b9-fede-44f1-808d-691e4abf9501.jpg,cancer,0.5128196550708133,True
../data/mri_dataset_brain_cancer_oc/sans_label/214ae8cc-6d28-4f2a-8172-7023efb00d06.jpg,cancer,0.5132661923379429,True
../data/mri_dataset_brain_cancer_oc/sans_label/16d0e74d-62f5-40d8-8f2f-3ca4752c3203.jpg,normal,0.514,True
../data/mri_dataset_brain_cancer_oc/sans_label/b5b311b5-9264-4d34-a9a5-8952ecf727cb.jpg,normal,0.514,True
../data/mri_dataset_brain_cancer_oc/sans_label/e4cb8806-6b55-49e7-aec0-f98f96c7f1c1.jpg,normal,0.5152764207581203,True
../data/mri_dataset_brain_cancer_oc/sans_label/3efef3cf-866e-477d-8371-ce2de57bdb8b.jpg,normal,0.516,True
../data/mri_dataset_brain_cancer_oc/sans_label/e71917e5-06af-4d12-855f-1066bff881a6.jpg,normal,0.516,True
../data/mri_dataset_brain_cancer_oc/sans_label/7308f105-d60e-40a8-a0d2-6416566053ca.jpg,normal,0.52,True
../data/mri_dataset_brain_cancer_oc/sans_label/9c36dc3a-874d-4f12-957a-c5733f3ff4da.jpg,normal,0.52,True
../data/mri_dataset_brain_cancer_oc/sans_label/d2a035b7-4cf5-4a47-8e2c-b37344f54906.jpg,normal,0.5231022079766459,True
../data/mri_dataset_brain_cancer_oc/sans_label/4245d386-f23e-4f0e-b5e6-dc141da90edb.jpg,normal,0.5250958971205627,True
../data/mri_dataset_brain_cancer_oc/sans_label/85d9cafc-64f4-4588-8300-7ddfc00e90fd.jpg,normal,0.526,True
../data/mri_dataset_brain_cancer_oc/sans_label/99e3bd44-d147-4043-9e32-8f11baac22d2.jpg,cancer,0.5263517205398244,True
../data/mri_dataset_brain_cancer_oc/sans_label/d85589aa-43da-4a65-92e8-6a045c778104.jpg,cancer,0.5280771150457573,True
../data/mri_dataset_brain_cancer_oc/sans_label/70382eae-f4b4-4220-bc52-2efe97774b17.jpg,cancer,0.5292595336626337,True
../data/mri_dataset_brain_cancer_oc/sans_label/41b08a1e-2cff-48e3-a659-c0e1e658e7fc.jpg,cancer,0.5300732963579706,True
../data/mri_dataset_brain_cancer_oc/sans_label/8b1acb43-eab8-4657-966c-d34aeecae4af.jpg,cancer,0.5336783968101148,True
../data/mri_dataset_brain_cancer_oc/sans_label/1fa28180-7d76-4715-9775-331fc368a61b.jpg,normal,0.534,True
../data/mri_dataset_brain_cancer_oc/sans_label/aed7d082-bf4a-4f7b-bcac-437cb3453640.jpg,normal,0.5344219951372594,True
../data/mri_dataset_brain_cancer_oc/sans_label/9a5228be-dc9f-4d66-94df-38681337375a.jpg,cancer,0.5355620070593927,True
../data/mri_dataset_brain_cancer_oc/sans_label/65444b52-e69f-4a86-9a26-68ed2bf6addf.jpg,normal,0.538,True
../data/mri_dataset_brain_cancer_oc/sans_label/e8d7f610-23c8-4767-b9c3-05397f2e420c.jpg,normal,0.538,True
../data/mri_dataset_brain_cancer_oc/sans_label/2067808c-0990-433a-a8a1-b663f1a460b3.jpg,cancer,0.5427428135061545,True
../data/mri_dataset_brain_cancer_oc/sans_label/c74fcab6-8da1-4f76-b150-4c0ecfa45b3f.jpg,normal,0.544,True
../data/mri_dataset_brain_cancer_oc/sans_label/48707112-26c5-4351-ba2d-ea391da2c900.jpg,normal,0.546,True
../data/mri_dataset_brain_cancer_oc/sans_label/e46a0c90-ec2d-41e3-942d-15e749b5da98.jpg,normal,0.546,True
../data/mri_dataset_brain_cancer_oc/sans_label/91babbed-4478-424b-b2fa-65e9aeb3c48a.jpg,cancer,0.5460664868124353,True
../data/mri_dataset_brain_cancer_oc/sans_label/55938246-aacc-4725-8e13-59d3bfaaf974.jpg,normal,0.548,True
../data/mri_dataset_brain_cancer_oc/sans_label/b3db51cb-3433-4810-b386-623bf2b4a118.jpg,cancer,0.548910467921697,True
../data/mri_dataset_brain_cancer_oc/sans_label/c268e736-3706-4f9d-9da5-d5a089549c05.jpg,normal,0.55,True
../data/mri_dataset_brain_cancer_oc/sans_label/5b076a83-afe8-4876-a740-9c4671fdf489.jpg,cancer,0.554,True
../data/mri_dataset_brain_cancer_oc/sans_label/5be6f4ce-f557-4f9a-a298-83ec918be7e8.jpg,cancer,0.556,True
../data/mri_dataset_brain_cancer_oc/sans_label/d9cd7529-e1e5-47ec-bea6-e71bc5177b08.jpg,cancer,0.556,True
../data/mri_dataset_brain_cancer_oc/sans_label/70727332-b9d9-4641-9ee2-1c74a56740ad.jpg,normal,0.556,True
../data/mri_dataset_brain_cancer_oc/sans_label/3019cc7d-ae57-4887-9d9a-b1b063478a62.jpg,cancer,0.558,True
../data/mri_dataset_brain_cancer_oc/sans_label/e4830e27-67b7-4086-bc6f-d68d8e081f20.jpg,normal,0.56,True
../data/mri_dataset_brain_cancer_oc/sans_label/f8916dcf-ff6c-4b15-97d0-639b4964c443.jpg,cancer,0.56,True
../data/mri_dataset_brain_cancer_oc/sans_label/fa4bdb08-8c03-4f58-a309-52ca88173417.jpg,cancer,0.5603076561251608,True
../data/mri_dataset_brain_cancer_oc/sans_label/3dba1589-a66c-4282-afe8-5b25c19a2990.jpg,cancer,0.5615054812367479,True
../data/mri_dataset_brain_cancer_oc/sans_label/5ea43909-09a1-45a8-9d03-f3b9df576090.jpg,normal,0.562,True
../data/mri_dataset_brain_cancer_oc/sans_label/ee7a051d-5eb9-4d36-9eac-d0f1e6749978.jpg,cancer,0.5627407551318641,True
../data/mri_dataset_brain_cancer_oc/sans_label/07eab220-96c1-466e-b2eb-ab8789548e89.jpg,normal,0.564,True
../data/mri_dataset_brain_cancer_oc/sans_label/269f1282-607d-4700-a8fa-3b560422946c.jpg,normal,0.564,True
../data/mri_dataset_brain_cancer_oc/sans_label/8bfd3282-7260-46c9-8e01-864fa9cde88f.jpg,cancer,0.564,True
../data/mri_dataset_brain_cancer_oc/sans_label/a694549b-164f-4ab6-8c6e-821661302d50.jpg,normal,0.564,True
../data/mri_dataset_brain_cancer_oc/sans_label/6f5076f7-0726-4902-a8f9-e6ae2d73d300.jpg,normal,0.564,True
../data/mri_dataset_brain_cancer_oc/sans_label/f19f8e50-18dd-4979-861e-4fb0062c0a98.jpg,cancer,0.5657574564870304,True
../data/mri_dataset_brain_cancer_oc/sans_label/82cac4d5-364b-45a3-b718-b605fe25a9a9.jpg,normal,0.568,True
../data/mri_dataset_brain_cancer_oc/sans_label/87caab74-b3e2-422b-af3a-0b253c9966c2.jpg,normal,0.57,True
../data/mri_dataset_brain_cancer_oc/sans_label/5434d6b2-b0dd-42d7-832c-ae465e64ddc2.jpg,cancer,0.5701387412485533,True
../data/mri_dataset_brain_cancer_oc/sans_label/2003b9d5-b9f6-40c3-b0e1-dd6118850112.jpg,normal,0.572,True
../data/mri_dataset_brain_cancer_oc/sans_label/a6eedd89-85a6-417e-b126-70ea9a7c5878.jpg,normal,0.572,True
../data/mri_dataset_brain_cancer_oc/sans_label/6c5918ac-71ee-4296-a568-a9f82426b361.jpg,cancer,0.5728610276802898,True
../data/mri_dataset_brain_cancer_oc/sans_label/f583ab0b-992e-49ec-bc2b-ef9672e6789d.jpg,normal,0.574,True
../data/mri_dataset_brain_cancer_oc/sans_label/06a76102-9548-4dab-9572-e78259fa082e.jpg,normal,0.574,True
../data/mri_dataset_brain_cancer_oc/sans_label/23ca8438-4ed8-44b3-98fc-be7c9ec11e73.jpg,normal,0.576,True
../data/mri_dataset_brain_cancer_oc/sans_label/a0982775-75fb-4f4a-b955-530a0d59ad61.jpg,normal,0.576,True
../data/mri_dataset_brain_cancer_oc/sans_label/73c7dece-6cf7-419d-9879-0c029dbaea7d.jpg,normal,0.5766551214804743,True
../data/mri_dataset_brain_cancer_oc/sans_label/c02578ec-420e-49cb-b300-c648388a4b69.jpg,cancer,0.5777286105662971,True
../data/mri_dataset_brain_cancer_oc/sans_label/526c8abe-325b-4e72-bff7-3476900bee6c.jpg,normal,0.578,True
../data/mri_dataset_brain_cancer_oc/sans_label/dd53a762-0288-48a7-b130-4547e5a41004.jpg,cancer,0.5826968820799044,True
../data/mri_dataset_brain_cancer_oc/sans_label/113a89a4-4822-45a2-8bb8-d21c629fac38.jpg,cancer,0.5828455569958231,True
../data/mri_dataset_brain_cancer_oc/sans_label/6c2d1073-be0a-4fe8-b93f-2b6fdcbaa1ec.jpg,normal,0.584,True
../data/mri_dataset_brain_cancer_oc/sans_label/0746ecad-9485-4245-a119-cdbe6f074d7a.jpg,normal,0.586,True
../data/mri_dataset_brain_cancer_oc/sans_label/8622e150-72a8-4cf9-873c-290335a248af.jpg,normal,0.586,True
../data/mri_dataset_brain_cancer_oc/sans_label/4b217ca0-4e5f-4d5e-a71d-b9f992e43281.jpg,cancer,0.5875701446958362,True
../data/mri_dataset_brain_cancer_oc/sans_label/40b1313e-6c50-488f-9066-bfefc7c5b2e1.jpg,cancer,0.5879539811169415,True
../data/mri_dataset_brain_cancer_oc/sans_label/c9c47489-cccf-4acd-88ce-1d2943e5bb6e.jpg,normal,0.588,True
../data/mri_dataset_brain_cancer_oc/sans_label/b5e72ee8-c802-43d8-b9ec-8e42629a608e.jpg,normal,0.588,True
../data/mri_dataset_brain_cancer_oc/sans_label/0a781fe5-1d36-4035-8553-590e618b8ff2.jpg,cancer,0.588,True
../data/mri_dataset_brain_cancer_oc/sans_label/9382e987-3df2-465a-8486-e696e4eeabfe.jpg,normal,0.588,True
../data/mri_dataset_brain_cancer_oc/sans_label/0ed34dbb-a47e-48d9-a528-e67aa13562e7.jpg,cancer,0.5895316795053714,True
../data/mri_dataset_brain_cancer_oc/sans_label/b66e444a-e524-4b91-93b0-6ce5a3d91bea.jpg,cancer,0.5932260520324888,True
../data/mri_dataset_brain_cancer_oc/sans_label/6048f041-cd08-4194-889a-9b5431ebbcb0.jpg,cancer,0.5959157979109063,True
../data/mri_dataset_brain_cancer_oc/sans_label/f8febf3a-54c6-443a-bb03-ae6282256f5b.jpg,cancer,0.596,True
../data/mri_dataset_brain_cancer_oc/sans_label/224880e9-c10f-4de6-b2f2-32d06dd8a295.jpg,normal,0.596,True
../data/mri_dataset_brain_cancer_oc/sans_label/60fc769c-658f-448d-b704-74364e12ad05.jpg,cancer,0.598,True
../data/mri_dataset_brain_cancer_oc/sans_label/28b8dde6-866d-4f55-921b-ba2c9829dac1.jpg,cancer,0.5999318353965112,True
../data/mri_dataset_brain_cancer_oc/sans_label/14285322-faf1-4587-8681-b1637e90abe1.jpg,normal,0.604,True
../data/mri_dataset_brain_cancer_oc/sans_label/b9929535-b604-4eab-9d1b-aa8fd00a5199.jpg,normal,0.604,True
../data/mri_dataset_brain_cancer_oc/sans_label/3a1ca119-8f2b-4337-9df5-89dfc23dc9e4.jpg,cancer,0.604,True
../data/mri_dataset_brain_cancer_oc/sans_label/f4f5d644-5d18-477f-b048-0e2cc5c3abe2.jpg,cancer,0.604,True
../data/mri_dataset_brain_cancer_oc/sans_label/1fa589e0-0d6d-4bd3-9134-961fb3e14f8f.jpg,cancer,0.604940772457462,True
../data/mri_dataset_brain_cancer_oc/sans_label/f3e24bd0-fc83-4eab-9ef7-23ecbc239db6.jpg,cancer,0.61,True
../data/mri_dataset_brain_cancer_oc/sans_label/81340784-52dc-4672-80aa-d3a2e01d1023.jpg,cancer,0.6102078788718244,True
../data/mri_dataset_brain_cancer_oc/sans_label/4f957598-f192-4dca-863d-f854b6a794a5.jpg,cancer,0.6102646489952613,True
../data/mri_dataset_brain_cancer_oc/sans_label/51a311cf-b0df-4759-8b4b-0dae8eee2a4e.jpg,cancer,0.612,True
../data/mri_dataset_brain_cancer_oc/sans_label/f5034c6f-a2da-4bb6-b3e2-c0159e7c05e7.jpg,normal,0.614,True
../data/mri_dataset_brain_cancer_oc/sans_label/0f716a6b-8467-459c-bf58-4d34e9439d1d.jpg,cancer,0.614,True
../data/mri_dataset_brain_cancer_oc/sans_label/7e79b591-17a1-4687-aeff-f11849221fab.jpg,cancer,0.614,True
../data/mri_dataset_brain_cancer_oc/sans_label/fa9d7caf-6d7b-4a43-8d9f-00f2fc2d5944.jpg,normal,0.616,True
../data/mri_dataset_brain_cancer_oc/sans_label/f947fcc8-74e2-4b6c-b7aa-157a67641ac1.jpg,cancer,0.6169554914223666,True
../data/mri_dataset_brain_cancer_oc/sans_label/94c7620a-ada0-41b6-b66f-756974523bb8.jpg,cancer,0.6178946686438322,True
../data/mri_dataset_brain_cancer_oc/sans_label/2eadfe64-153b-4bd5-901e-13081fb7255b.jpg,normal,0.618,True
../data/mri_dataset_brain_cancer_oc/sans_label/0f8e0e52-d574-48d4-91a4-9bd2ae88b4c6.jpg,normal,0.618,True
../data/mri_dataset_brain_cancer_oc/sans_label/5544c82f-910d-4207-a46f-7e89a740c22e.jpg,cancer,0.618,True
../data/mri_dataset_brain_cancer_oc/sans_label/4855f846-6416-4708-8d81-e9e077c340b3.jpg,cancer,0.6198695976140179,True
../data/mri_dataset_brain_cancer_oc/sans_label/6835f69b-714e-4707-843c-3b11613a41ca.jpg,normal,0.622,True
../data/mri_dataset_brain_cancer_oc/sans_label/55e150d8-7be4-4d4b-88b9-8dfaf3ab7d86.jpg,normal,0.622,True
../data/mri_dataset_brain_cancer_oc/sans_label/29db9197-93a5-47c7-bb20-038cf02d25a1.jpg,normal,0.622,True
../data/mri_dataset_brain_cancer_oc/sans_label/2a87b19d-f000-4432-b702-9608707d35af.jpg,cancer,0.6220674941614356,True
../data/mri_dataset_brain_cancer_oc/sans_label/708af38b-75da-45bd-ba05-0cb43554bce7.jpg,cancer,0.624,True
../data/mri_dataset_brain_cancer_oc/sans_label/b8c59bed-8b98-4e04-b7c8-d7a7a7dde6ce.jpg,cancer,0.624,True
../data/mri_dataset_brain_cancer_oc/sans_label/e9e0a6e5-db85-431a-b015-a86c65f06776.jpg,normal,0.624,True
../data/mri_dataset_brain_cancer_oc/sans_label/2a098f48-f13b-462e-9f59-7232cf01db8e.jpg,cancer,0.6250851738260108,True
../data/mri_dataset_brain_cancer_oc/sans_label/a255736e-214b-4b79-8de1-b41896126278.jpg,normal,0.626,True
../data/mri_dataset_brain_cancer_oc/sans_label/bd379318-b2ad-42c4-825b-88ab71c55e15.jpg,cancer,0.626,True
../data/mri_dataset_brain_cancer_oc/sans_label/ea862723-cd8a-40d1-bce6-a004996997d8.jpg,normal,0.628,True
../data/mri_dataset_brain_cancer_oc/sans_label/b76bc357-ef11-4969-aff5-08d164bd3e72.jpg,cancer,0.628,True
../data/mri_dataset_brain_cancer_oc/sans_label/b89c1d66-644d-40c5-ab60-963dae9f4721.jpg,cancer,0.628,True
../data/mri_dataset_brain_cancer_oc/sans_label/4fa53d5a-5b60-45ce-8df5-73bc1fc53fcc.jpg,cancer,0.6289368544843915,True
../data/mri_dataset_brain_cancer_oc/sans_label/a3c09133-febe-4e86-9436-2b892f3a0387.jpg,cancer,0.63,True
../data/mri_dataset_brain_cancer_oc/sans_label/c951c107-0e25-416a-9a84-6f6958ff1a8f.jpg,cancer,0.63,True
../data/mri_dataset_brain_cancer_oc/sans_label/2a28835d-bf8b-4a84-88ca-822c5e411b6a.jpg,cancer,0.63,True
../data/mri_dataset_brain_cancer_oc/sans_label/63297907-41e2-4a9f-90a2-4343f07a1580.jpg,normal,0.632,True
../data/mri_dataset_brain_cancer_oc/sans_label/2290b921-dacb-455d-9f85-d91dc2ce5ccd.jpg,cancer,0.632,True
../data/mri_dataset_brain_cancer_oc/sans_label/cf6797cb-0a80-4fd9-9655-e9a34d71e5ab.jpg,cancer,0.632,True
../data/mri_dataset_brain_cancer_oc/sans_label/f3bd1d86-a448-4578-a47c-9a4c826403b1.jpg,normal,0.632,True
../data/mri_dataset_brain_cancer_oc/sans_label/0abaa5bb-40b8-4646-ba24-fae12891b8a4.jpg,cancer,0.6327790715668692,True
../data/mri_dataset_brain_cancer_oc/sans_label/31a2a5e5-aa2b-423f-ac11-509e43e10517.jpg,cancer,0.6339381296169718,True
../data/mri_dataset_brain_cancer_oc/sans_label/bb813aae-eb3f-402f-87ef-4f788ccf542b.jpg,cancer,0.634,True
../data/mri_dataset_brain_cancer_oc/sans_label/0477e002-4775-44e2-84d9-52b93f5ee697.jpg,cancer,0.634,True
../data/mri_dataset_brain_cancer_oc/sans_label/cfcf574b-958c-4545-a823-c880dc2b4187.jpg,cancer,0.6352751138479911,True
../data/mri_dataset_brain_cancer_oc/sans_label/2aaee55e-bd7c-4b53-bc10-f0655e9c343c.jpg,cancer,0.6358456822550512,True
../data/mri_dataset_brain_cancer_oc/sans_label/0aed155d-d211-4e46-b762-25feff9a042d.jpg,cancer,0.636,True
../data/mri_dataset_brain_cancer_oc/sans_label/be37b806-f9a2-4949-a245-a2d6782f2e29.jpg,normal,0.636,True
../data/mri_dataset_brain_cancer_oc/sans_label/3b44606b-e7fe-4d15-9609-d11cc657fd6f.jpg,cancer,0.636,True
../data/mri_dataset_brain_cancer_oc/sans_label/7bbf0740-36f6-465d-bb85-15a87c6e29a9.jpg,cancer,0.636405044183444,True
../data/mri_dataset_brain_cancer_oc/sans_label/6fd760c2-e08a-47de-a044-7934ef77f8f7.jpg,normal,0.638,True
../data/mri_dataset_brain_cancer_oc/sans_label/fac0dc4c-bba4-4200-b4f1-c59850226986.jpg,cancer,0.638,True
../data/mri_dataset_brain_cancer_oc/sans_label/4d0e8bfd-1207-471b-9266-384ee890470a.jpg,cancer,0.6389144849340663,True
../data/mri_dataset_brain_cancer_oc/sans_label/195f3bcf-ce89-41d8-a330-8fe8389a9a63.jpg,cancer,0.6390743757042326,True
../data/mri_dataset_brain_cancer_oc/sans_label/3ae4539c-96a8-4428-a555-29753b701ce0.jpg,cancer,0.64,True
../data/mri_dataset_brain_cancer_oc/sans_label/01f4b8d2-56ed-4d82-ad41-6864de091425.jpg,cancer,0.64,True
../data/mri_dataset_brain_cancer_oc/sans_label/f4a379d3-af24-4114-a7c7-2765cd83f7d5.jpg,cancer,0.6407743805378284,True
../data/mri_dataset_brain_cancer_oc/sans_label/52cc60ff-dedd-4ed0-be2a-7538d2ed96d7.jpg,cancer,0.642,True
../data/mri_dataset_brain_cancer_oc/sans_label/ac2dfb66-a006-4e9a-a0c9-3a126d7278c4.jpg,normal,0.642,True
../data/mri_dataset_brain_cancer_oc/sans_label/b168a97e-f1f6-44ab-a561-1fc9f764beb5.jpg,cancer,0.642,True
../data/mri_dataset_brain_cancer_oc/sans_label/56349c6c-aa8c-49a4-9112-f50938eecfed.jpg,normal,0.642,True
../data/mri_dataset_brain_cancer_oc/sans_label/0b52ef0e-2a70-40c9-902d-2fd6ce8f37bf.jpg,cancer,0.642,True
../data/mri_dataset_brain_cancer_oc/sans_label/531d1c0c-a400-41ea-b3a0-d73f59885416.jpg,cancer,0.6425442581106995,True
../data/mri_dataset_brain_cancer_oc/sans_label/8b53b691-5bff-4dc5-8257-1116fac1509a.jpg,normal,0.644,True
../data/mri_dataset_brain_cancer_oc/sans_label/d909a015-9977-49ac-9620-1f8644d5c0a2.jpg,cancer,0.644,True
../data/mri_dataset_brain_cancer_oc/sans_label/d80f6154-710e-4050-9b42-4e25e0427a67.jpg,cancer,0.644,True
../data/mri_dataset_brain_cancer_oc/sans_label/85fc3030-a496-4b23-883c-421778bb8905.jpg,cancer,0.644,True
../data/mri_dataset_brain_cancer_oc/sans_label/16cf3809-cbe8-45b9-8cec-3fc528ec5f31.jpg,cancer,0.644,True
../data/mri_dataset_brain_cancer_oc/sans_label/de106e37-d0be-4d89-b3c9-a6018a602838.jpg,cancer,0.6454915855496837,True
../data/mri_dataset_brain_cancer_oc/sans_label/bfa253c9-0a12-43aa-9239-1ac9912ff6b6.jpg,cancer,0.646,True
../data/mri_dataset_brain_cancer_oc/sans_label/d3e432bb-88fd-4a3c-9116-45e4e7753244.jpg,cancer,0.646,True
../data/mri_dataset_brain_cancer_oc/sans_label/ee86a462-65df-4c23-88cf-3d92e54de3f5.jpg,normal,0.646,True
../data/mri_dataset_brain_cancer_oc/sans_label/5aa75529-97ae-4f97-b1fd-50e0d070ba04.jpg,normal,0.646,True
../data/mri_dataset_brain_cancer_oc/sans_label/961b009d-5d96-4e49-8e0a-f31014c0aedb.jpg,cancer,0.6471175961586588,True
../data/mri_dataset_brain_cancer_oc/sans_label/2437d69e-8b9e-41e8-ac0f-06b1b9595cd3.jpg,cancer,0.648,True
../data/mri_dataset_brain_cancer_oc/sans_label/0208c07c-bc4b-4741-ad0f-d5beeb18cc52.jpg,cancer,0.648,True
../data/mri_dataset_brain_cancer_oc/sans_label/9409c6ad-3afd-430d-94f3-0e7573485291.jpg,cancer,0.648,True
../data/mri_dataset_brain_cancer_oc/sans_label/95055fe4-5c47-4591-85ff-422cdbd3ff0c.jpg,cancer,0.6493556918511079,True
../data/mri_dataset_brain_cancer_oc/sans_label/78ce4bc8-903c-49e5-91e2-2a7ca88bc95c.jpg,cancer,0.65,True
../data/mri_dataset_brain_cancer_oc/sans_label/afa2ea25-3198-4c2a-90ed-5fbfdb617426.jpg,cancer,0.65,True
../data/mri_dataset_brain_cancer_oc/sans_label/d566efbb-f76a-4f8c-a9b0-d5073aad669d.jpg,cancer,0.65,True
../data/mri_dataset_brain_cancer_oc/sans_label/20583523-e96c-48b1-9e05-0f9bd74bcd92.jpg,cancer,0.65,True
../data/mri_dataset_brain_cancer_oc/sans_label/aa6a9740-d0df-4132-bd1d-083f5d354ca9.jpg,normal,0.65,True
../data/mri_dataset_brain_cancer_oc/sans_label/f2f55cc9-c4ed-4aaf-b6dc-6ea55f213df8.jpg,cancer,0.65,True
../data/mri_dataset_brain_cancer_oc/sans_label/e2e331c7-2658-4a22-afef-59a66e2e36f5.jpg,normal,0.652,True
../data/mri_dataset_brain_cancer_oc/sans_label/2ebe1d0a-8b43-4ca1-b375-8aad317ab286.jpg,normal,0.652,True
../data/mri_dataset_brain_cancer_oc/sans_label/40077be9-cf60-4d6c-a01b-6de6bb7cf4c1.jpg,cancer,0.652,True
../data/mri_dataset_brain_cancer_oc/sans_label/3f5ace85-69f1-4cad-82d3-2d85ba19c5d9.jpg,cancer,0.652416598957951,True
../data/mri_dataset_brain_cancer_oc/sans_label/844735a2-b873-4bc8-b0c6-2022dd4517b5.jpg,normal,0.654,True
../data/mri_dataset_brain_cancer_oc/sans_label/dbd318e1-ffe0-406d-ab3d-2c5ab0ab2f2e.jpg,cancer,0.654,True
../data/mri_dataset_brain_cancer_oc/sans_label/2c4fa56e-5827-4398-8d9c-9b7a8ad5b1cf.jpg,cancer,0.654,True
../data/mri_dataset_brain_cancer_oc/sans_label/9c72c314-9e62-4249-b57c-e9037ffd1dae.jpg,cancer,0.6541648899593713,True
../data/mri_dataset_brain_cancer_oc/sans_label/f7ef8c54-df83-47af-8cd1-a6bf96731e35.jpg,normal,0.656,True
../data/mri_dataset_brain_cancer_oc/sans_label/0e41c296-eebe-4d49-aa8c-b267bae40310.jpg,cancer,0.6579574397435027,True
../data/mri_dataset_brain_cancer_oc/sans_label/0a196d89-4764-48b9-ac68-a8b1cb03d713.jpg,cancer,0.658,True
../data/mri_dataset_brain_cancer_oc/sans_label/9122ff1e-376e-4ea1-a334-7874c4697b8e.jpg,cancer,0.658,True
../data/mri_dataset_brain_cancer_oc/sans_label/cf1f019d-a700-43ac-878c-e8107bd89405.jpg,cancer,0.658,True
../data/mri_dataset_brain_cancer_oc/sans_label/b6261bb8-2308-4f80-8535-0f42397c3231.jpg,normal,0.658,True
../data/mri_dataset_brain_cancer_oc/sans_label/68aeff0a-1aa3-4a06-b7e3-d9cae0ea84f5.jpg,cancer,0.658,True
../data/mri_dataset_brain_cancer_oc/sans_label/fbe0b07a-b152-45f3-8a65-61e7e4ef554a.jpg,normal,0.658,True
../data/mri_dataset_brain_cancer_oc/sans_label/db184476-333b-40f2-94af-1e4816bd7e58.jpg,cancer,0.658,True
../data/mri_dataset_brain_cancer_oc/sans_label/01e09766-fcd9-4df0-82f7-265f9ffecdf6.jpg,cancer,0.658,True
../data/mri_dataset_brain_cancer_oc/sans_label/e82984f0-ff5a-412e-9f76-ba6d93d7d2d6.jpg,cancer,0.6592807961738262,True
../data/mri_dataset_brain_cancer_oc/sans_label/7754d2c8-cdb5-4d26-859c-d1e6cf3547d5.jpg,cancer,0.66,True
../data/mri_dataset_brain_cancer_oc/sans_label/f97a64aa-6894-493b-978d-d5a133986272.jpg,cancer,0.66,True
../data/mri_dataset_brain_cancer_oc/sans_label/776f811e-cd6f-4960-b570-cb74cef0a20e.jpg,normal,0.66,True
../data/mri_dataset_brain_cancer_oc/sans_label/5d67d159-6e50-4a5e-a3ce-aa87c190d358.jpg,cancer,0.662,True
../data/mri_dataset_brain_cancer_oc/sans_label/fce8f202-27e3-403f-986d-a6944abf85a8.jpg,cancer,0.662,True
../data/mri_dataset_brain_cancer_oc/sans_label/bd3cc2df-d45d-4fd3-bc29-f49191309646.jpg,cancer,0.664,True
../data/mri_dataset_brain_cancer_oc/sans_label/70ce15fd-5ae1-4380-83dc-2fdb28af7fb8.jpg,cancer,0.664,True
../data/mri_dataset_brain_cancer_oc/sans_label/8adca915-7158-4d8e-8263-8d9cda2a5668.jpg,cancer,0.666,True
../data/mri_dataset_brain_cancer_oc/sans_label/f35bfd59-19e6-4ec8-85b6-0fef8699f961.jpg,normal,0.666,True
../data/mri_dataset_brain_cancer_oc/sans_label/f84cb0d1-9d94-49e5-ad29-eed9d2e0ed13.jpg,cancer,0.6670784627516585,True
../data/mri_dataset_brain_cancer_oc/sans_label/2baa54db-96b9-4ec0-ab61-c948aaac28e9.jpg,cancer,0.668,True
../data/mri_dataset_brain_cancer_oc/sans_label/8f3552d6-9507-4303-aaf2-9e296c0232b1.jpg,cancer,0.668,True
../data/mri_dataset_brain_cancer_oc/sans_label/ea40a05f-f03c-4923-aa49-11b27e3e9d57.jpg,cancer,0.668,True
../data/mri_dataset_brain_cancer_oc/sans_label/4a64d369-e33e-46fc-812a-b02ef91337c0.jpg,cancer,0.668,True
../data/mri_dataset_brain_cancer_oc/sans_label/5f4ed338-616e-43d7-b2a6-da67f4cdde5e.jpg,cancer,0.668,True
../data/mri_dataset_brain_cancer_oc/sans_label/64a29f50-88e4-4e19-bfcc-c838e9566c5d.jpg,cancer,0.668,True
../data/mri_dataset_brain_cancer_oc/sans_label/40b5615a-890b-458f-af87-20cec67dc51b.jpg,cancer,0.668,True
../data/mri_dataset_brain_cancer_oc/sans_label/a170a945-4b1c-40eb-aae4-59d20c8a1b22.jpg,cancer,0.668,True
../data/mri_dataset_brain_cancer_oc/sans_label/d80b13b0-2d9f-48c3-8f3b-c153e0592ea4.jpg,cancer,0.668,True
../data/mri_dataset_brain_cancer_oc/sans_label/a6eea4e7-5d58-4dc5-9454-db31b2abac4f.jpg,normal,0.668,True
../data/mri_dataset_brain_cancer_oc/sans_label/4ad95ffb-24ab-40f0-88f2-22b36a6b2906.jpg,cancer,0.67,True
../data/mri_dataset_brain_cancer_oc/sans_label/9f9bbaed-8a26-422e-b8d2-e94a18295dcb.jpg,cancer,0.67,True
../data/mri_dataset_brain_cancer_oc/sans_label/e3387ccf-a03b-436d-a689-47b2e99cef26.jpg,cancer,0.67,True
../data/mri_dataset_brain_cancer_oc/sans_label/99a4b384-9f8f-4123-8d6d-714264efe63c.jpg,cancer,0.67,True
../data/mri_dataset_brain_cancer_oc/sans_label/8d4ed6ef-64c7-40df-b895-4186381f4c2b.jpg,cancer,0.67,True
../data/mri_dataset_brain_cancer_oc/sans_label/db6624a9-ef0a-45b1-934f-5f9d85458d40.jpg,cancer,0.672,True
../data/mri_dataset_brain_cancer_oc/sans_label/64e3c52e-6351-4501-a3bf-713cecc6b598.jpg,cancer,0.672,True
../data/mri_dataset_brain_cancer_oc/sans_label/2f29298b-db7b-4513-97c2-fed64d1f884c.jpg,cancer,0.672,True
../data/mri_dataset_brain_cancer_oc/sans_label/9213e2ef-453f-48ae-a303-758617e5d021.jpg,cancer,0.672,True
../data/mri_dataset_brain_cancer_oc/sans_label/0b1c07b9-ac3e-4107-8832-5399525f3b1f.jpg,cancer,0.672,True
../data/mri_dataset_brain_cancer_oc/sans_label/a7666642-0f25-4334-84c0-75833f969748.jpg,cancer,0.672,True
../data/mri_dataset_brain_cancer_oc/sans_label/e37116d4-26f1-4aec-b4fa-f51d00435a33.jpg,normal,0.672,True
../data/mri_dataset_brain_cancer_oc/sans_label/e8c5c861-755f-4a34-b15a-292e9fd05a33.jpg,cancer,0.672,True
../data/mri_dataset_brain_cancer_oc/sans_label/56f2989c-2983-4d9e-8cfd-2aceae7cad0e.jpg,cancer,0.6736384220772863,True
../data/mri_dataset_brain_cancer_oc/sans_label/3d044239-3bcc-4511-a52f-c415b51e5f58.jpg,cancer,0.674,True
../data/mri_dataset_brain_cancer_oc/sans_label/74f8ba3b-c1f4-4d7c-9fac-70848ca6a270.jpg,cancer,0.674,True
../data/mri_dataset_brain_cancer_oc/sans_label/c96bf301-62e2-424e-8ac4-e6b80f60388a.jpg,cancer,0.674,True
../data/mri_dataset_brain_cancer_oc/sans_label/49439d86-3c4a-4e7a-ae95-f5c545a07faf.jpg,cancer,0.674,True
../data/mri_dataset_brain_cancer_oc/sans_label/8b4824e5-7560-4c8d-80d0-75c393002311.jpg,cancer,0.6752915055948063,True
../data/mri_dataset_brain_cancer_oc/sans_label/56e37c03-c9a4-4e39-8d6f-12bf8e03dcb4.jpg,cancer,0.676,True
../data/mri_dataset_brain_cancer_oc/sans_label/bc64bb6f-65e9-4ad6-99e1-525c0052948b.jpg,cancer,0.676,True
../data/mri_dataset_brain_cancer_oc/sans_label/09dece73-b184-494f-b636-f5d3113b6f3e.jpg,normal,0.676,True
../data/mri_dataset_brain_cancer_oc/sans_label/02d2c771-7bf5-4771-972c-7f123088b7b0.jpg,cancer,0.6761590007830809,True
../data/mri_dataset_brain_cancer_oc/sans_label/beee84d9-4e44-430a-aaf0-4e54b2bed5e5.jpg,cancer,0.678,True
../data/mri_dataset_brain_cancer_oc/sans_label/bf057df5-c436-4d56-bae3-66f6e9fc071f.jpg,cancer,0.678,True
../data/mri_dataset_brain_cancer_oc/sans_label/34e338eb-7878-434e-91c2-02c21dd0ef90.jpg,normal,0.678,True
../data/mri_dataset_brain_cancer_oc/sans_label/f0a21a25-1da2-41c1-b865-dbd187114858.jpg,cancer,0.678,True
../data/mri_dataset_brain_cancer_oc/sans_label/e6f11dd9-7f43-44b2-a92c-0331a75b1479.jpg,cancer,0.678,True
../data/mri_dataset_brain_cancer_oc/sans_label/cbe4196c-9d73-48aa-9719-4d0f8f3fcd32.jpg,cancer,0.678,True
../data/mri_dataset_brain_cancer_oc/sans_label/a99cffba-c2d8-422b-9ef7-87390609ce8f.jpg,normal,0.678,True
../data/mri_dataset_brain_cancer_oc/sans_label/101076bc-091a-49ae-bd72-2ca97933f5a9.jpg,cancer,0.6809243151587767,True
../data/mri_dataset_brain_cancer_oc/sans_label/f5ded837-56e3-4590-b567-fbd1b71f3da8.jpg,normal,0.682,True
../data/mri_dataset_brain_cancer_oc/sans_label/3d793a95-4fa0-4cd9-8017-0dd7e5fd1d20.jpg,cancer,0.682,True
../data/mri_dataset_brain_cancer_oc/sans_label/004ce5f5-ca6b-490f-9b2f-c322c152e2ee.jpg,cancer,0.682,True
../data/mri_dataset_brain_cancer_oc/sans_label/da3f881a-a4fb-48a7-be65-6c393bcf9a4e.jpg,cancer,0.6833418515641398,True
../data/mri_dataset_brain_cancer_oc/sans_label/db87f1fa-f718-4bf4-821f-689d5d6e72a1.jpg,cancer,0.6836821474252537,True
../data/mri_dataset_brain_cancer_oc/sans_label/68e62626-7a8b-4149-baba-5550379957e7.jpg,cancer,0.684,True
../data/mri_dataset_brain_cancer_oc/sans_label/b1822f99-76ad-446d-a591-8fcd1ee03b4d.jpg,cancer,0.684,True
../data/mri_dataset_brain_cancer_oc/sans_label/1e6bf052-8e82-45c3-95fe-40f996e5d6e5.jpg,cancer,0.686,True
../data/mri_dataset_brain_cancer_oc/sans_label/19c67523-55dc-44b2-8887-a1e7f3f7eddf.jpg,cancer,0.686,True
../data/mri_dataset_brain_cancer_oc/sans_label/4ca7ee0c-f302-4ffa-af58-0e845e4e2aba.jpg,cancer,0.686,True
../data/mri_dataset_brain_cancer_oc/sans_label/8162c9e5-bae6-4c9c-8091-2e78b1d15cbf.jpg,cancer,0.686,True
../data/mri_dataset_brain_cancer_oc/sans_label/153bfc9b-79f5-4e36-b253-78d5a1dd8066.jpg,cancer,0.686,True
../data/mri_dataset_brain_cancer_oc/sans_label/f1984eff-6b19-4ca7-b623-9c757249bf04.jpg,cancer,0.686,True
../data/mri_dataset_brain_cancer_oc/sans_label/d32eb4d8-659b-4fac-8949-4efbcb8de115.jpg,cancer,0.686,True
../data/mri_dataset_brain_cancer_oc/sans_label/fcc19978-f859-462a-b392-eb31378af641.jpg,cancer,0.6863491409663633,True
../data/mri_dataset_brain_cancer_oc/sans_label/470fdac5-3acb-4d5a-aa31-aaf866697c44.jpg,cancer,0.6868006340866596,True
../data/mri_dataset_brain_cancer_oc/sans_label/5b2e35be-2519-4ce5-bf34-3632e6e697e7.jpg,cancer,0.6868850656264696,True
../data/mri_dataset_brain_cancer_oc/sans_label/b238289a-2616-4fbf-bea3-6d3cbf4c12cf.jpg,cancer,0.688,True
../data/mri_dataset_brain_cancer_oc/sans_label/f416fc93-9b7d-4211-88be-e09539b1f9b1.jpg,cancer,0.688,True
../data/mri_dataset_brain_cancer_oc/sans_label/7abc9f6b-ba4f-45cb-8c25-0cb1bd583e6b.jpg,cancer,0.688,True
../data/mri_dataset_brain_cancer_oc/sans_label/e01c1cb3-c26c-4426-931e-a51b0f0217dd.jpg,cancer,0.688,True
../data/mri_dataset_brain_cancer_oc/sans_label/d47e799f-72ba-44a2-bf5d-7ae07ce44e30.jpg,cancer,0.6892042793787334,True
../data/mri_dataset_brain_cancer_oc/sans_label/16c95930-a0c3-49d7-9d09-813d796db9e7.jpg,cancer,0.69,True
../data/mri_dataset_brain_cancer_oc/sans_label/a8e2d57e-39b3-495c-a585-b2d2d14e0cf3.jpg,normal,0.69,True
../data/mri_dataset_brain_cancer_oc/sans_label/f059ae69-f3e0-4c16-8fbb-0b8c94ea31a1.jpg,cancer,0.69,True
../data/mri_dataset_brain_cancer_oc/sans_label/6b21bb22-dc60-4553-9d0a-887785ea9ad1.jpg,normal,0.69,True
../data/mri_dataset_brain_cancer_oc/sans_label/a74cd797-2401-44e9-b29b-e3e125c8e148.jpg,normal,0.69,True
../data/mri_dataset_brain_cancer_oc/sans_label/46718442-5923-4b9f-b2f4-c64d55cdbb7b.jpg,cancer,0.69,True
../data/mri_dataset_brain_cancer_oc/sans_label/2e039f72-ee1f-4bef-a7ee-ac814fb510b6.jpg,cancer,0.69,True
../data/mri_dataset_brain_cancer_oc/sans_label/cf268860-0c5d-4366-b634-141e2bbac6e8.jpg,cancer,0.69,True
../data/mri_dataset_brain_cancer_oc/sans_label/5c3fce72-b187-4488-bbe6-dfa02179e536.jpg,cancer,0.6909811350462525,True
../data/mri_dataset_brain_cancer_oc/sans_label/34b18f32-9585-47b3-8b06-e3f3f824cc4f.jpg,cancer,0.692,True
../data/mri_dataset_brain_cancer_oc/sans_label/0d76d3dc-2285-4901-94c9-ee2fc0773dad.jpg,cancer,0.692,True
../data/mri_dataset_brain_cancer_oc/sans_label/e7b6d77b-bc2b-4eaf-9037-9cf275ce5a48.jpg,cancer,0.692,True
../data/mri_dataset_brain_cancer_oc/sans_label/9efacc2b-7386-4c99-a3fb-22082c0b91bd.jpg,cancer,0.692,True
../data/mri_dataset_brain_cancer_oc/sans_label/e91ff2a7-3285-4448-bcf3-564247f2e988.jpg,cancer,0.694,True
../data/mri_dataset_brain_cancer_oc/sans_label/13eb3ad4-a065-4e25-888f-b125463dba24.jpg,cancer,0.694,True
../data/mri_dataset_brain_cancer_oc/sans_label/9606cc4f-607d-439a-a18b-54dce8763b99.jpg,cancer,0.696,True
../data/mri_dataset_brain_cancer_oc/sans_label/6a3d7f99-a40c-4417-a617-4e7214bdccc0.jpg,cancer,0.696,True
../data/mri_dataset_brain_cancer_oc/sans_label/349a5dee-ae7f-4de8-a34f-b34f593d1b60.jpg,normal,0.696,True
../data/mri_dataset_brain_cancer_oc/sans_label/5735cc06-85b0-48a3-84c0-b636f7817ac5.jpg,cancer,0.696,True
../data/mri_dataset_brain_cancer_oc/sans_label/95ac01c6-796a-4d8b-aef7-ffd7183d08da.jpg,cancer,0.696,True
../data/mri_dataset_brain_cancer_oc/sans_label/f944ba3b-78eb-4392-a365-9d079e327900.jpg,cancer,0.696,True
../data/mri_dataset_brain_cancer_oc/sans_label/478a4925-c244-4ad7-9df0-a22840d9a508.jpg,cancer,0.696,True
../data/mri_dataset_brain_cancer_oc/sans_label/88fe5aaa-5b35-47e3-a28a-0b57fc9acabc.jpg,normal,0.698,True
../data/mri_dataset_brain_cancer_oc/sans_label/d5208b23-e2c4-4d68-ad78-d68a7d13aa0e.jpg,cancer,0.698,True
../data/mri_dataset_brain_cancer_oc/sans_label/f51373fb-e15b-4855-b0c8-4191252e5af8.jpg,cancer,0.698,True
../data/mri_dataset_brain_cancer_oc/sans_label/931694a6-44e0-4a93-97c1-7f3d00e7e3c9.jpg,normal,0.698,True
../data/mri_dataset_brain_cancer_oc/sans_label/aa3c3d81-b7c5-4f1a-8c26-416bb1e98959.jpg,cancer,0.698,True
../data/mri_dataset_brain_cancer_oc/sans_label/3fc6f478-c3ef-4df8-a016-17c9c28805d5.jpg,cancer,0.698,True
../data/mri_dataset_brain_cancer_oc/sans_label/d145119d-4e08-491b-8766-fee7340ae353.jpg,cancer,0.698,True
../data/mri_dataset_brain_cancer_oc/sans_label/8d700c36-24aa-4b10-9f65-c988ad4cb3ab.jpg,normal,0.698,True
../data/mri_dataset_brain_cancer_oc/sans_label/37930978-9a33-452a-9f2b-514a882cfcb1.jpg,cancer,0.698,True
../data/mri_dataset_brain_cancer_oc/sans_label/06b17341-f3bb-4f31-8198-1ebdccbe2367.jpg,cancer,0.6983141125790084,True
